"Birdcage, The ",Birdcage,1996,http://ia.media-imdb.com/images/M/MV5BMTM2NjExODYyOF5BMl5BanBnXkFtZTcwNTc0NjgyNA@@._V1_SX214_.jpg,http://www.imdb.com/title/tt0115685/
Back to the Future ,Back to the Future,1985,http://ia.media-imdb.com/images/M/MV5BMTk4OTQ1OTMwN15BMl5BanBnXkFtZTcwOTIwMzM3MQ@@._V1_SX214_.jpg,http://www.imdb.com/title/tt0088763/
Nikita (La Femme Nikita) ,Nikita (La Femme Nikita),1990,"http://ia.media-imdb.com/images/M/MV5BMTcwMjgwNjE0MV5BMl5BanBnXkFtZTYwNTM3Njk5._V1_SY317_CR7,0,214,317_.jpg",http://www.imdb.com/title/tt0118379/
Diabolique ,Diabolique,1996,"http://ia.media-imdb.com/images/M/MV5BOTg1Mjk0OTYxNF5BMl5BanBnXkFtZTcwNTg3ODIyMQ@@._V1_SY317_CR10,0,214,317_.jpg",http://www.imdb.com/title/tt0116095/
Welcome to the Dollhouse ,Welcome to the Dollhouse,1995,"http://ia.media-imdb.com/images/M/MV5BMTcxMzk5NzY4OV5BMl5BanBnXkFtZTcwNzcxNTgxMQ@@._V1_SY317_CR5,0,214,317_.jpg",http://www.imdb.com/title/tt0114906/
"Sting, The ",Sting,1973,http://ia.media-imdb.com/images/M/MV5BMTY2OTM3Njk2MF5BMl5BanBnXkFtZTYwNzk4Njk4._V1_SX214_.jpg,http://www.imdb.com/title/tt0070735/
Grosse Pointe Blank ,Grosse Pointe Blank,1997,"http://ia.media-imdb.com/images/M/MV5BOTI4NDU3MDgxNl5BMl5BanBnXkFtZTYwNDUxNTQ5._V1_SY317_CR4,0,214,317_.jpg",http://www.imdb.com/title/tt0119229/
Kansas City ,Kansas City,1996,http://ia.media-imdb.com/images/M/MV5BMTczMjIyODA5OV5BMl5BanBnXkFtZTcwNTAzMzMzMQ@@._V1_SY288_SX200_.jpg,http://www.imdb.com/title/tt0116745/
Stargate ,Stargate,1994,http://ia.media-imdb.com/images/M/MV5BNjE0NDU2MjQyN15BMl5BanBnXkFtZTcwNTEwNDI4OA@@._V1_SX214_.jpg,http://www.imdb.com/title/tt0111282/
"Horseman on the Roof, The (Hussard sur le toit, Le) ",Horseman on the Roof,1995,static/images/nocover.png,http://www.imdb.com/title/tt0926289/
"Return of the Pink Panther, The ",Return of the Pink Panther,1974,http://ia.media-imdb.com/images/M/MV5BMTM2ODk5NDU2M15BMl5BanBnXkFtZTcwMDQ0MTMyNA@@._V1_SX214_.jpg,http://www.imdb.com/title/tt0072081/
Carlito's Way ,Carlito's Way,1993,http://ia.media-imdb.com/images/M/MV5BNjU1OTE5NDIyNl5BMl5BanBnXkFtZTYwMjg1NDg4._V1_SX214_.jpg,http://www.imdb.com/title/tt0106519/
"Wizard of Oz, The ",Wizard of Oz,1939,"http://ia.media-imdb.com/images/M/MV5BMTU0MTA2OTIwNF5BMl5BanBnXkFtZTcwMzA0Njk3OA@@._V1_SY317_CR10,0,214,317_.jpg",http://www.imdb.com/title/tt0032138/
Toy Story ,Toy Story,1995,"http://ia.media-imdb.com/images/M/MV5BMTgwMjI4MzU5N15BMl5BanBnXkFtZTcwMTMyNTk3OA@@._V1_SY317_CR12,0,214,317_.jpg",http://www.imdb.com/title/tt0114709/
I.Q. ,I.Q.,1994,"http://ia.media-imdb.com/images/M/MV5BMTIwMTc2ODg3NV5BMl5BanBnXkFtZTcwNjEyNTUxMQ@@._V1_SY317_CR5,0,214,317_.jpg",http://www.imdb.com/title/tt0110099/
Monty Python's Life of Brian ,Monty Python's Life of Brian,1979,"http://ia.media-imdb.com/images/M/MV5BMTM2NjQ4NDA0MV5BMl5BanBnXkFtZTcwMjM0Njk3OA@@._V1_SY317_CR4,0,214,317_.jpg",http://www.imdb.com/title/tt0079470/
Flipper ,Flipper,1996,"http://ia.media-imdb.com/images/M/MV5BMTU4MTMzOTg4Nl5BMl5BanBnXkFtZTcwMDEzNDQyMQ@@._V1_SY317_CR4,0,214,317_.jpg",http://www.imdb.com/title/tt0116322/
Terminator 2: Judgment Day ,Terminator 2: Judgment Day,1991,"http://ia.media-imdb.com/images/M/MV5BMTg5NzUwMDU5NF5BMl5BanBnXkFtZTcwMjk2MDA4Mg@@._V1_SY317_CR18,0,214,317_.jpg",http://www.imdb.com/title/tt0103064/
Star Trek III: The Search for Spock ,Star Trek III: The Search for Spock,1984,http://ia.media-imdb.com/images/M/MV5BMTc5NDY1OTU0Ml5BMl5BanBnXkFtZTcwNDIwNDI4OA@@._V1_SX214_.jpg,http://www.imdb.com/title/tt0088170/
What's Eating Gilbert Grape ,What's Eating Gilbert Grape,1993,"http://ia.media-imdb.com/images/M/MV5BMTM2NTUyMjE0Ml5BMl5BanBnXkFtZTYwOTQwNTU5._V1_SY317_CR2,0,214,317_.jpg",http://www.imdb.com/title/tt0108550/
"Firm, The ",Firm,1993,"http://ia.media-imdb.com/images/M/MV5BMTI3OTI4Mzg5MV5BMl5BanBnXkFtZTcwMjY3NTkxMQ@@._V1_SY317_CR3,0,214,317_.jpg",http://www.imdb.com/title/tt0106918/
When Harry Met Sally... ,When Harry Met Sally...,1989,static/images/nocover.png,http://www.imdb.com/title/tt0098635/
Cold Comfort Farm ,Cold Comfort Farm,1995,"http://ia.media-imdb.com/images/M/MV5BMjA0NTA4NDUwMV5BMl5BanBnXkFtZTcwNDcyNTUxMQ@@._V1_SY317_CR4,0,214,317_.jpg",http://www.imdb.com/title/tt0112701/
"Postino, Il ",Postino,1994,"http://ia.media-imdb.com/images/M/MV5BMTc2MTc5NjI5Nl5BMl5BanBnXkFtZTYwMTA0NDA5._V1_SY317_CR10,0,214,317_.jpg",http://www.imdb.com/title/tt0082934/
GoldenEye ,GoldenEye,1995,http://ia.media-imdb.com/images/M/MV5BMzk2OTg4MTk1NF5BMl5BanBnXkFtZTcwNjExNTgzNA@@._V1_SX214_.jpg,http://www.imdb.com/title/tt0113189/
"Last of the Mohicans, The ",Last of the Mohicans,1992,"http://ia.media-imdb.com/images/M/MV5BMTQ0MjQ5NDAzMV5BMl5BanBnXkFtZTcwNjYzMjE2MQ@@._V1_SY317_CR8,0,214,317_.jpg",http://www.imdb.com/title/tt0104691/
101 Dalmatians ,101 Dalmatians,1996,"http://ia.media-imdb.com/images/M/MV5BMTkxNjQwMjM4OF5BMl5BanBnXkFtZTcwMTU5NDMyMQ@@._V1_SY317_CR7,0,214,317_.jpg",http://www.imdb.com/title/tt0115433/
Quiz Show ,Quiz Show,1994,"http://ia.media-imdb.com/images/M/MV5BMTc2NTU3MTY4Nl5BMl5BanBnXkFtZTcwNTc1NzkxMQ@@._V1_SY317_CR4,0,214,317_.jpg",http://www.imdb.com/title/tt0110932/
Phenomenon ,Phenomenon,1996,"http://ia.media-imdb.com/images/M/MV5BMTk1MzUwMjI5NV5BMl5BanBnXkFtZTYwNzc0Mjg4._V1_SY317_CR2,0,214,317_.jpg",http://www.imdb.com/title/tt0117333/
Air Bud ,Air Bud,1997,"http://ia.media-imdb.com/images/M/MV5BMTg0NzYzNDE4M15BMl5BanBnXkFtZTcwNTg4NzQzMQ@@._V1_SY317_CR0,0,214,317_.jpg",http://www.imdb.com/title/tt0118570/
"Wrong Trousers, The ",Wrong Trousers,1993,http://ia.media-imdb.com/images/M/MV5BMTgxNjQxNzM0OV5BMl5BanBnXkFtZTcwMTQyNzAyMQ@@._V1_SX214_.jpg,http://www.imdb.com/title/tt0108598/
"Good, The Bad and The Ugly, The ",Good,1966,"http://ia.media-imdb.com/images/M/MV5BMTk0NjY0Mzg5MF5BMl5BanBnXkFtZTcwNzM1OTM2MQ@@._V1_SY317_CR1,0,214,317_.jpg",http://www.imdb.com/title/tt0119217/
Mr. Smith Goes to Washington ,Mr. Smith Goes to Washington,1939,http://ia.media-imdb.com/images/M/MV5BMjAwMzU5ODkwNF5BMl5BanBnXkFtZTcwNTg4Mjk3OA@@._V1_SX214_.jpg,http://www.imdb.com/title/tt0031679/
Starship Troopers ,Starship Troopers,1997,http://ia.media-imdb.com/images/M/MV5BOTE3MDAyNTM4OF5BMl5BanBnXkFtZTcwMTcxNDI4OA@@._V1_SX214_.jpg,http://www.imdb.com/title/tt0120201/
"Cable Guy, The ",Cable Guy,1996,http://ia.media-imdb.com/images/M/MV5BMTIwODI4OTA5NF5BMl5BanBnXkFtZTcwMzQ5MDYyMQ@@._V1_SX214_.jpg,http://www.imdb.com/title/tt0115798/
"Hunt for Red October, The ",Hunt for Red October,1990,"http://ia.media-imdb.com/images/M/MV5BMTgxMTE3ODY3OF5BMl5BanBnXkFtZTcwNjY3NDEzMQ@@._V1_SY317_CR4,0,214,317_.jpg",http://www.imdb.com/title/tt0099810/
"Room with a View, A ",Room with a View,1986,"http://ia.media-imdb.com/images/M/MV5BMTg2OTI1MTAyMF5BMl5BanBnXkFtZTYwMjgzODg4._V1_SY317_CR10,0,214,317_.jpg",http://www.imdb.com/title/tt0091867/
Disclosure ,Disclosure,1994,"http://ia.media-imdb.com/images/M/MV5BMTM2MTU3NTY1OF5BMl5BanBnXkFtZTcwMjQ3OTYxMQ@@._V1_SY317_CR11,0,214,317_.jpg",http://www.imdb.com/title/tt0109635/
Bram Stoker's Dracula ,Bram Stoker's Dracula,1992,"http://ia.media-imdb.com/images/M/MV5BMTI5MTU0NjAyMl5BMl5BanBnXkFtZTcwNTM3MjM1MQ@@._V1_SY317_CR10,0,214,317_.jpg",http://www.imdb.com/title/tt0103874/
Taxi Driver ,Taxi Driver,1976,"http://ia.media-imdb.com/images/M/MV5BMTQ1Nzg3MDQwN15BMl5BanBnXkFtZTcwNDE2NDU2MQ@@._V1_SY317_CR9,0,214,317_.jpg",http://www.imdb.com/title/tt0075314/
Chasing Amy ,Chasing Amy,1997,"http://ia.media-imdb.com/images/M/MV5BMTY5ODMyMDY4NF5BMl5BanBnXkFtZTcwNDgwMDEyMQ@@._V1_SY317_CR5,0,214,317_.jpg",http://www.imdb.com/title/tt0118842/
"Grand Day Out, A ",Grand Day Out,1992,http://ia.media-imdb.com/images/M/MV5BMTg2ODgyNDY1Ml5BMl5BanBnXkFtZTcwMDY3ODMyMQ@@._V1_SX214_.jpg,http://www.imdb.com/title/tt0104361/
Crumb ,Crumb,1994,"http://ia.media-imdb.com/images/M/MV5BMTc1MzcxODgwMl5BMl5BanBnXkFtZTcwMjU1NzE1Mw@@._V1_SY317_CR4,0,214,317_.jpg",http://www.imdb.com/title/tt0109508/
Mad Love ,Mad Love,1995,"http://ia.media-imdb.com/images/M/MV5BNDE0NTQ1NjQzM15BMl5BanBnXkFtZTYwNDI4MDU5._V1_SY317_CR5,0,214,317_.jpg",http://www.imdb.com/title/tt0113729/
Batman & Robin ,Batman & Robin,1997,http://ia.media-imdb.com/images/M/MV5BMjE3NzcyNzM4MF5BMl5BanBnXkFtZTYwNDA3Mzk4._V1_SX214_.jpg,http://www.imdb.com/title/tt0118688/
"Abyss, The ",Abyss,1989,"http://ia.media-imdb.com/images/M/MV5BMTIwMDA4MTEzMF5BMl5BanBnXkFtZTcwMTcxMTU1MQ@@._V1_SY317_CR5,0,214,317_.jpg",http://www.imdb.com/title/tt0096754/
Dead Man Walking ,Dead Man Walking,1995,http://ia.media-imdb.com/images/M/MV5BMTM3NzA1MjM2N15BMl5BanBnXkFtZTcwMzY3MTMzNA@@._V1_SX214_.jpg,http://www.imdb.com/title/tt0112818/
All Dogs Go to Heaven 2 ,All Dogs Go to Heaven 2,1996,http://ia.media-imdb.com/images/M/MV5BMTI2MjYyODUzNV5BMl5BanBnXkFtZTcwMTczNzUxMQ@@._V1_SX214_.jpg,http://www.imdb.com/title/tt0115509/
Good Will Hunting ,Good Will Hunting,1997,"http://ia.media-imdb.com/images/M/MV5BMTk0NjY0Mzg5MF5BMl5BanBnXkFtZTcwNzM1OTM2MQ@@._V1_SY317_CR1,0,214,317_.jpg",http://www.imdb.com/title/tt0119217/
Seven (Se7en) ,Seven (Se7en),1995,http://ia.media-imdb.com/images/M/MV5BMTQwNTU3MTE4NF5BMl5BanBnXkFtZTcwOTgxNDM2Mg@@._V1_SX214_.jpg,http://www.imdb.com/title/tt0114369/
"Net, The ",Net,1995,"http://ia.media-imdb.com/images/M/MV5BMTU0NjA2NzIwOF5BMl5BanBnXkFtZTYwNTExNTg4._V1_SY317_CR1,0,214,317_.jpg",http://www.imdb.com/title/tt0113957/
Moll Flanders ,Moll Flanders,1996,http://ia.media-imdb.com/images/M/MV5BMTIzNzA0NDU3OV5BMl5BanBnXkFtZTYwMDExODg5._V1_SX214_.jpg,http://www.imdb.com/title/tt0117071/
Amadeus ,Amadeus,1984,http://ia.media-imdb.com/images/M/MV5BMTg5NDkwMTk5N15BMl5BanBnXkFtZTYwODg3MDk2._V1_SX214_.jpg,http://www.imdb.com/title/tt0086879/
"Fugitive, The ",Fugitive,1993,"http://ia.media-imdb.com/images/M/MV5BMTM5MjEyOTg0OF5BMl5BanBnXkFtZTYwMjEzMjE5._V1_SY317_CR4,0,214,317_.jpg",http://www.imdb.com/title/tt0106977/
"Rock, The ",Rock,1996,"http://ia.media-imdb.com/images/M/MV5BMTM3MTczOTM1OF5BMl5BanBnXkFtZTYwMjc1NDA5._V1_SY317_CR4,0,214,317_.jpg",http://www.imdb.com/title/tt0117500/
Richard III ,Richard III,1995,"http://ia.media-imdb.com/images/M/MV5BMTI3MzMwMzIxMF5BMl5BanBnXkFtZTYwNTM0Nzc5._V1_SY317_CR3,0,214,317_.jpg",http://www.imdb.com/title/tt0114279/
Nadja ,Nadja,1994,"http://ia.media-imdb.com/images/M/MV5BMTk2NTE5MDI4MV5BMl5BanBnXkFtZTcwODM4MDMzMQ@@._V1_SY317_CR51,0,214,317_.jpg",http://www.imdb.com/title/tt0110620/
Crimson Tide ,Crimson Tide,1995,"http://ia.media-imdb.com/images/M/MV5BMjY4NDQxMjcwNV5BMl5BanBnXkFtZTcwNDA1MjA0MQ@@._V1_SY317_CR6,0,214,317_.jpg",http://www.imdb.com/title/tt0112740/
Star Wars ,Star Wars,1977,http://ia.media-imdb.com/images/M/MV5BMTU4NTczODkwM15BMl5BanBnXkFtZTcwMzEyMTIyMw@@._V1_SX214_.jpg,http://www.imdb.com/title/tt0076759/
Blade Runner ,Blade Runner,1982,http://ia.media-imdb.com/images/M/MV5BMTA4MDQxNTk2NDheQTJeQWpwZ15BbWU3MDE2NjIyODk@._V1_SX214_.jpg,http://www.imdb.com/title/tt0083658/
"Bridge on the River Kwai, The ",Bridge on the River Kwai,1957,http://ia.media-imdb.com/images/M/MV5BMTc2NzA0NTEwNF5BMl5BanBnXkFtZTcwMzA0MTk3OA@@._V1_SX214_.jpg,http://www.imdb.com/title/tt0050212/
Kull the Conqueror ,Kull the Conqueror,1997,http://ia.media-imdb.com/images/M/MV5BMjE4MzU5MjMyNF5BMl5BanBnXkFtZTYwOTUzMjc4._V1_SX214_.jpg,http://www.imdb.com/title/tt0119484/
"Nightmare Before Christmas, The ",Nightmare Before Christmas,1993,"http://ia.media-imdb.com/images/M/MV5BMTc5MDY0MjkwNV5BMl5BanBnXkFtZTcwNTk2Njk3OA@@._V1_SY317_CR12,0,214,317_.jpg",http://www.imdb.com/title/tt0107688/
Maverick ,Maverick,1994,"http://ia.media-imdb.com/images/M/MV5BMTE5OTQzMzU3Nl5BMl5BanBnXkFtZTcwNTA3MTMyMQ@@._V1_SY317_CR10,0,214,317_.jpg",http://www.imdb.com/title/tt0110478/
Mimic ,Mimic,1997,"http://ia.media-imdb.com/images/M/MV5BMTg4NTIwMTE5M15BMl5BanBnXkFtZTcwMjkyMTMyMQ@@._V1_SY317_CR5,0,214,317_.jpg",http://www.imdb.com/title/tt0119675/
While You Were Sleeping ,While You Were Sleeping,1995,http://ia.media-imdb.com/images/M/MV5BMTc2MTc5MTIzMF5BMl5BanBnXkFtZTYwOTI3NjA5._V1_SX214_.jpg,http://www.imdb.com/title/tt0114924/
Pulp Fiction ,Pulp Fiction,1994,"http://ia.media-imdb.com/images/M/MV5BMjE0ODk2NjczOV5BMl5BanBnXkFtZTYwNDQ0NDg4._V1_SY317_CR4,0,214,317_.jpg",http://www.imdb.com/title/tt0110912/
Free Willy ,Free Willy,1993,"http://ia.media-imdb.com/images/M/MV5BMTIwNDc5MzAxNV5BMl5BanBnXkFtZTYwOTE2NDE5._V1_SY317_CR3,0,214,317_.jpg",http://www.imdb.com/title/tt0106965/
Sleepless in Seattle ,Sleepless in Seattle,1993,"http://ia.media-imdb.com/images/M/MV5BMTIzNDM0MTAzNV5BMl5BanBnXkFtZTcwNDE3MDMyMQ@@._V1_SY317_CR2,0,214,317_.jpg",http://www.imdb.com/title/tt0108160/
Jude ,Jude,1996,"http://ia.media-imdb.com/images/M/MV5BMTM0MTIyOTc1NF5BMl5BanBnXkFtZTYwMDI5NDg4._V1_SY317_CR5,0,214,317_.jpg",http://www.imdb.com/title/tt0116722/
Star Trek VI: The Undiscovered Country ,Star Trek VI: The Undiscovered Country,1991,http://ia.media-imdb.com/images/M/MV5BMTkyODE4MDIxNV5BMl5BanBnXkFtZTcwNzYxNDI4OA@@._V1_SX214_.jpg,http://www.imdb.com/title/tt0102975/
Event Horizon ,Event Horizon,1997,"http://ia.media-imdb.com/images/M/MV5BMTI2Nzc4MzAxNl5BMl5BanBnXkFtZTcwNTQ4MDMzMQ@@._V1_SY317_CR5,0,214,317_.jpg",http://www.imdb.com/title/tt0119081/
Home Alone ,Home Alone,1990,"http://ia.media-imdb.com/images/M/MV5BMTUzMzg4MTg2M15BMl5BanBnXkFtZTYwNDM4OTk4._V1_SY317_CR6,0,214,317_.jpg",http://www.imdb.com/title/tt0099785/
Platoon ,Platoon,1986,http://ia.media-imdb.com/images/M/MV5BNTU3NzY4ODY5MF5BMl5BanBnXkFtZTcwOTkzNzE1NA@@._V1_SX214_.jpg,http://www.imdb.com/title/tt0091763/
Twister ,Twister,1996,"http://ia.media-imdb.com/images/M/MV5BMjE3NDMzODA2M15BMl5BanBnXkFtZTcwMDA5MDkxMQ@@._V1_SY317_CR0,0,214,317_.jpg",http://www.imdb.com/title/tt0117998/
"Fifth Element, The ",Fifth Element,1997,"http://ia.media-imdb.com/images/M/MV5BMTkzOTkwNTI4N15BMl5BanBnXkFtZTYwMDIzNzI5._V1_SY317_CR6,0,214,317_.jpg",http://www.imdb.com/title/tt0119116/
Unhook the Stars ,Unhook the Stars,1996,"http://ia.media-imdb.com/images/M/MV5BMTM5NjgxMDQwN15BMl5BanBnXkFtZTcwODk1NTgxMQ@@._V1_SY317_CR3,0,214,317_.jpg",http://www.imdb.com/title/tt0118044/
Under Siege ,Under Siege,1992,"http://ia.media-imdb.com/images/M/MV5BMTIxMzEyNTczM15BMl5BanBnXkFtZTcwMjUzMzUxMQ@@._V1_SY317_CR10,0,214,317_.jpg",http://www.imdb.com/title/tt0105690/
Glengarry Glen Ross ,Glengarry Glen Ross,1992,"http://ia.media-imdb.com/images/M/MV5BMjEwMzA1MTc1MV5BMl5BanBnXkFtZTYwOTg4MzA5._V1_SY317_CR5,0,214,317_.jpg",http://www.imdb.com/title/tt0104348/
Dances with Wolves ,Dances with Wolves,1990,http://ia.media-imdb.com/images/M/MV5BMTY3OTI5NDczN15BMl5BanBnXkFtZTcwNDA0NDY3Mw@@._V1_SX214_.jpg,http://www.imdb.com/title/tt0099348/
Young Frankenstein ,Young Frankenstein,1974,"http://ia.media-imdb.com/images/M/MV5BMTc2MzgwNjAzNV5BMl5BanBnXkFtZTcwNTUyNjQzMQ@@._V1_SY317_CR7,0,214,317_.jpg",http://www.imdb.com/title/tt0072431/
Mr. Holland's Opus ,Mr. Holland's Opus,1995,"http://ia.media-imdb.com/images/M/MV5BMTUxODUxOTk2M15BMl5BanBnXkFtZTcwODk2NDYxMQ@@._V1_SY317_CR5,0,214,317_.jpg",http://www.imdb.com/title/tt0113862/
Bound ,Bound,1996,"http://ia.media-imdb.com/images/M/MV5BMTI0MjczOTYxNl5BMl5BanBnXkFtZTYwNjc0Mjk5._V1_SY317_CR4,0,214,317_.jpg",http://www.imdb.com/title/tt0115736/
Belle de jour ,Belle de jour,1967,"http://ia.media-imdb.com/images/M/MV5BMTMyMjUyNDY5MV5BMl5BanBnXkFtZTcwMzMxNDkxMQ@@._V1_SY317_CR8,0,214,317_.jpg",http://www.imdb.com/title/tt0061395/
Basic Instinct ,Basic Instinct,1992,"http://ia.media-imdb.com/images/M/MV5BMTcxMjY2NzcyMV5BMl5BanBnXkFtZTYwMjAxNTQ5._V1_SY317_CR8,0,214,317_.jpg",http://www.imdb.com/title/tt0103772/
Snow White and the Seven Dwarfs ,Snow White and the Seven Dwarfs,1937,http://ia.media-imdb.com/images/M/MV5BMTQwMzE2Mzc4M15BMl5BanBnXkFtZTcwMTE4NTc1Nw@@._V1_SX214_.jpg,http://www.imdb.com/title/tt0029583/
"Clockwork Orange, A ",Clockwork Orange,1971,"http://ia.media-imdb.com/images/M/MV5BMjE1NjcwMTYxM15BMl5BanBnXkFtZTcwMjcxNDg3OA@@._V1_SY317_CR5,0,214,317_.jpg",http://www.imdb.com/title/tt0066921/
Jerry Maguire ,Jerry Maguire,1996,http://ia.media-imdb.com/images/M/MV5BMTkxNjc2NjQwOF5BMl5BanBnXkFtZTcwMDE2NDU2MQ@@._V1_SX214_.jpg,http://www.imdb.com/title/tt0116695/
"Devil's Own, The ",Devil's Own,1997,"http://ia.media-imdb.com/images/M/MV5BNDA4NDk1MDM3MV5BMl5BanBnXkFtZTcwMDI1NDAzMQ@@._V1_SY317_CR5,0,214,317_.jpg",http://www.imdb.com/title/tt0118972/
"Godfather, The ",Godfather,1972,http://ia.media-imdb.com/images/M/MV5BMjEyMjcyNDI4MF5BMl5BanBnXkFtZTcwMDA5Mzg3OA@@._V1_SX214_.jpg,http://www.imdb.com/title/tt0068646/
"Lawnmower Man, The ",Lawnmower Man,1992,http://ia.media-imdb.com/images/M/MV5BMTQ2NTk4MDc1Ml5BMl5BanBnXkFtZTYwOTk2OTY4._V1_SX214_.jpg,http://www.imdb.com/title/tt0104692/
"Lost World: Jurassic Park, The ",Lost World: Jurassic Park,1997,http://ia.media-imdb.com/images/M/MV5BMTYxNjY1NjE2OV5BMl5BanBnXkFtZTYwNzE0MDc4._V1_SX214_.jpg,http://www.imdb.com/title/tt0119567/
"Ghost and the Darkness, The ",Ghost and the Darkness,1996,"http://ia.media-imdb.com/images/M/MV5BMTQxNTcwMDc1OV5BMl5BanBnXkFtZTcwMDYyMzMyMQ@@._V1_SY317_CR4,0,214,317_.jpg",http://www.imdb.com/title/tt0116409/
Strange Days ,Strange Days,1995,"http://ia.media-imdb.com/images/M/MV5BMTIyNzExNjIxOF5BMl5BanBnXkFtZTcwOTE5NDQzMQ@@._V1_SY317_CR11,0,214,317_.jpg",http://www.imdb.com/title/tt0114558/
Die Hard 2 ,Die Hard 2,1990,"http://ia.media-imdb.com/images/M/MV5BMTc5MTM0MDI1Nl5BMl5BanBnXkFtZTcwMDU1MjE2MQ@@._V1_SY317_CR27,0,214,317_.jpg",http://www.imdb.com/title/tt0099423/
So I Married an Axe Murderer ,So I Married an Axe Murderer,1993,"http://ia.media-imdb.com/images/M/MV5BMTY3OTY0NzYzMV5BMl5BanBnXkFtZTcwMDc2MjYxMQ@@._V1_SY317_CR5,0,214,317_.jpg",http://www.imdb.com/title/tt0108174/
Swingers ,Swingers,1996,http://ia.media-imdb.com/images/M/MV5BMTcxMDQ1MjUxOF5BMl5BanBnXkFtZTYwMzAwNTA5._V1_SX214_.jpg,http://www.imdb.com/title/tt0117802/
Groundhog Day ,Groundhog Day,1993,"http://ia.media-imdb.com/images/M/MV5BMjA3MjQ4NTAxNF5BMl5BanBnXkFtZTcwMjA3Njk3OA@@._V1_SY317_CR8,0,214,317_.jpg",http://www.imdb.com/title/tt0107048/
Four Weddings and a Funeral ,Four Weddings and a Funeral,1994,http://ia.media-imdb.com/images/M/MV5BMTMyNzg2NzgxNV5BMl5BanBnXkFtZTcwMTcxNzczNA@@._V1_SX214_.jpg,http://www.imdb.com/title/tt0109831/
"Madness of King George, The ",Madness of King George,1994,http://ia.media-imdb.com/images/M/MV5BMjExMzk0ODQyNV5BMl5BanBnXkFtZTcwODk0ODE1NA@@._V1_SX214_.jpg,http://www.imdb.com/title/tt0110428/
"Full Monty, The ",Full Monty,1997,"http://ia.media-imdb.com/images/M/MV5BMTg2NDM5NTQzM15BMl5BanBnXkFtZTcwMzg0OTMyMQ@@._V1_SY317_CR5,0,214,317_.jpg",http://www.imdb.com/title/tt0119164/
"Frighteners, The ",Frighteners,1996,http://ia.media-imdb.com/images/M/MV5BOTEyNTg4ODczNF5BMl5BanBnXkFtZTcwMTgxMTYyMQ@@._V1_SX214_.jpg,http://www.imdb.com/title/tt0116365/
"Right Stuff, The ",Right Stuff,1983,"http://ia.media-imdb.com/images/M/MV5BMTgxMzE2ODQxM15BMl5BanBnXkFtZTYwNDUwNzk5._V1_SY317_CR8,0,214,317_.jpg",http://www.imdb.com/title/tt0086197/
Breaking the Waves ,Breaking the Waves,1996,"http://ia.media-imdb.com/images/M/MV5BMTcyMDE4NTAxMF5BMl5BanBnXkFtZTYwODAwMDc5._V1_SY317_CR6,0,214,317_.jpg",http://www.imdb.com/title/tt0115751/
Natural Born Killers ,Natural Born Killers,1994,"http://ia.media-imdb.com/images/M/MV5BMTI2NTU2Nzc0MV5BMl5BanBnXkFtZTcwMzY1OTM2MQ@@._V1_SY317_CR0,0,214,317_.jpg",http://www.imdb.com/title/tt0110632/
George of the Jungle ,George of the Jungle,1997,http://ia.media-imdb.com/images/M/MV5BMTUxNjQ2NjA1OV5BMl5BanBnXkFtZTcwMDAyMTYyMQ@@._V1_SX214_.jpg,http://www.imdb.com/title/tt0119190/
Ace Ventura: Pet Detective ,Ace Ventura: Pet Detective,1994,http://ia.media-imdb.com/images/M/MV5BMjA2MDMyMDE5OV5BMl5BanBnXkFtZTcwNTIzNTAyMQ@@._V1_SX214_.jpg,http://www.imdb.com/title/tt0109040/
Angels and Insects ,Angels and Insects,1995,"http://ia.media-imdb.com/images/M/MV5BOTgwMTExNjk2M15BMl5BanBnXkFtZTcwNzQxNTEzMQ@@._V1_SY317_CR3,0,214,317_.jpg",http://www.imdb.com/title/tt0112365/
Shall We Dance? ,Shall We Dance?,1996,http://ia.media-imdb.com/images/M/MV5BMTcwODUwMTMxN15BMl5BanBnXkFtZTcwNzc3MjcyMQ@@._V1_SX214_.jpg,http://www.imdb.com/title/tt0358135/
Fargo ,Fargo,1996,http://ia.media-imdb.com/images/M/MV5BMTgxNzY3MzUxOV5BMl5BanBnXkFtZTcwMDA0NjMyNA@@._V1_SX214_.jpg,http://www.imdb.com/title/tt0116282/
Apocalypse Now ,Apocalypse Now,1979,"http://ia.media-imdb.com/images/M/MV5BMTcyMzQ5NDM4OV5BMl5BanBnXkFtZTcwODUwNDg3OA@@._V1_SY317_CR12,0,214,317_.jpg",http://www.imdb.com/title/tt0078788/
Akira ,Akira,1988,"http://ia.media-imdb.com/images/M/MV5BMjA5NzIwMjQ4MV5BMl5BanBnXkFtZTcwMDEwNzQyMQ@@._V1_SY317_CR5,0,214,317_.jpg",http://www.imdb.com/title/tt0094625/
Operation Dumbo Drop ,Operation Dumbo Drop,1995,"http://ia.media-imdb.com/images/M/MV5BNTU2NzQyNDQ0NV5BMl5BanBnXkFtZTcwNTk4NjIyMQ@@._V1_SY317_CR4,0,214,317_.jpg",http://www.imdb.com/title/tt0114048/
Young Guns ,Young Guns,1988,"http://ia.media-imdb.com/images/M/MV5BMjEzMzIyMjM3NV5BMl5BanBnXkFtZTcwMjgxNDcxMQ@@._V1_SY317_CR3,0,214,317_.jpg",http://www.imdb.com/title/tt0096487/
"Remains of the Day, The ",Remains of the Day,1993,http://ia.media-imdb.com/images/M/MV5BMTM2NzIwMTM5NV5BMl5BanBnXkFtZTcwNjQ2MTYyMQ@@._V1_SX214_.jpg,http://www.imdb.com/title/tt0107943/
"Empire Strikes Back, The ",Empire Strikes Back,1980,"http://ia.media-imdb.com/images/M/MV5BMjE2MzQwMTgxN15BMl5BanBnXkFtZTcwMDQzNjk2OQ@@._V1_SY317_CR0,0,214,317_.jpg",http://www.imdb.com/title/tt0080684/
Citizen Kane ,Citizen Kane,1941,"http://ia.media-imdb.com/images/M/MV5BMTQ2Mjc1MDQwMl5BMl5BanBnXkFtZTcwNzUyOTUyMg@@._V1_SY317_CR0,0,214,317_.jpg",http://www.imdb.com/title/tt0033467/
Sleeper ,Sleeper,1973,"http://ia.media-imdb.com/images/M/MV5BMjExODM3ODMyMF5BMl5BanBnXkFtZTcwNjg4MzM2MQ@@._V1_SY317_CR6,0,214,317_.jpg",http://www.imdb.com/title/tt0053285/
"Crow, The ",Crow,1994,"http://ia.media-imdb.com/images/M/MV5BNDU3MTQxMDY1NV5BMl5BanBnXkFtZTYwOTM4MjM5._V1_SY317_CR5,0,214,317_.jpg",http://www.imdb.com/title/tt0109506/
Batman Returns ,Batman Returns,1992,"http://ia.media-imdb.com/images/M/MV5BMTg2NTM5NTM3OV5BMl5BanBnXkFtZTYwMjE2MDA5._V1_SY317_CR12,0,214,317_.jpg",http://www.imdb.com/title/tt0103776/
Maya Lin: A Strong Clear Vision ,Maya Lin: A Strong Clear Vision,1994,http://ia.media-imdb.com/images/M/MV5BMTIzMTUxMjE1Nl5BMl5BanBnXkFtZTcwOTcxNzkxMQ@@._V1_SX214_.jpg,http://www.imdb.com/title/tt0110480/
Theodore Rex ,Theodore Rex,1995,"http://ia.media-imdb.com/images/M/MV5BMTc3Mjk4MDgzMl5BMl5BanBnXkFtZTcwODE4MTYyMQ@@._V1_SY316_CR1,0,214,316_.jpg",http://www.imdb.com/title/tt0114658/
Cape Fear ,Cape Fear,1991,"http://ia.media-imdb.com/images/M/MV5BMTMyMjc1NTEzOF5BMl5BanBnXkFtZTcwNzk1ODAzMQ@@._V1_SY317_CR4,0,214,317_.jpg",http://www.imdb.com/title/tt0101540/
Jaws ,Jaws,1975,"http://ia.media-imdb.com/images/M/MV5BOTUwMzY4NzI4Nl5BMl5BanBnXkFtZTcwMDgzNjk3OA@@._V1_SY317_CR12,0,214,317_.jpg",http://www.imdb.com/title/tt0073195/
Jurassic Park ,Jurassic Park,1993,http://ia.media-imdb.com/images/M/MV5BMjQzODQyMzk2Nl5BMl5BanBnXkFtZTcwNTg4MjQ3OA@@._V1_SX214_.jpg,http://www.imdb.com/title/tt0107290/
Dirty Dancing ,Dirty Dancing,1987,"http://ia.media-imdb.com/images/M/MV5BMTI1OTQwNTM1MV5BMl5BanBnXkFtZTYwMzgyOTU5._V1_SY317_CR8,0,214,317_.jpg",http://www.imdb.com/title/tt0092890/
Brazil ,Brazil,1985,"http://ia.media-imdb.com/images/M/MV5BMTIwMDQ1NzQyOF5BMl5BanBnXkFtZTcwMTE4MDQzMQ@@._V1_SY317_CR5,0,214,317_.jpg",http://www.imdb.com/title/tt0088846/
Ridicule ,Ridicule,1996,"http://ia.media-imdb.com/images/M/MV5BMjA3NTkxOTAyNF5BMl5BanBnXkFtZTcwMjg3NDUyMQ@@._V1_SY317_CR5,0,214,317_.jpg",http://www.imdb.com/title/tt0117477/
Bad Boys ,Bad Boys,1995,"http://ia.media-imdb.com/images/M/MV5BMTY4NDk1NTU5NF5BMl5BanBnXkFtZTcwMjE2NDU2MQ@@._V1_SY317_CR0,0,214,317_.jpg",http://www.imdb.com/title/tt0112442/
Ed Wood ,Ed Wood,1994,"http://ia.media-imdb.com/images/M/MV5BMTUyMjY1NDM0Ml5BMl5BanBnXkFtZTcwMzA4NjQyMQ@@._V1_SY317_CR4,0,214,317_.jpg",http://www.imdb.com/title/tt0109707/
"Lion King, The ",Lion King,1994,"http://ia.media-imdb.com/images/M/MV5BMjEyMzgwNTUzMl5BMl5BanBnXkFtZTcwNTMxMzM3Ng@@._V1_SY317_CR15,0,214,317_.jpg",http://www.imdb.com/title/tt0110357/
Contact ,Contact,1997,http://ia.media-imdb.com/images/M/MV5BMjEyMDQxMTMxMF5BMl5BanBnXkFtZTcwNTU0ODcyMg@@._V1_SX214_.jpg,http://www.imdb.com/title/tt0118884/
Sneakers ,Sneakers,1992,"http://ia.media-imdb.com/images/M/MV5BMTgxNDA2NjAyMV5BMl5BanBnXkFtZTcwNDkyNjcxMQ@@._V1_SY317_CR4,0,214,317_.jpg",http://www.imdb.com/title/tt0105435/
Sgt. Bilko ,Sgt. Bilko,1996,"http://ia.media-imdb.com/images/M/MV5BMjAzMjMxOTA1OF5BMl5BanBnXkFtZTcwNTk5MzAzMQ@@._V1_SY317_CR3,0,214,317_.jpg",http://www.imdb.com/title/tt0117608/
Willy Wonka and the Chocolate Factory ,Willy Wonka and the Chocolate Factory,1971,"http://ia.media-imdb.com/images/M/MV5BMTAyNTE0MDU2NDJeQTJeQWpwZ15BbWU3MDcyMzE5MjE@._V1_SY317_CR24,0,214,317_.jpg",http://www.imdb.com/title/tt0401736/
GoodFellas ,GoodFellas,1990,"http://ia.media-imdb.com/images/M/MV5BMjU3MTQ4OTA0MV5BMl5BanBnXkFtZTYwNjAyMDg4._V1_SY317_CR7,0,214,317_.jpg",http://www.imdb.com/title/tt0099685/
Unforgiven ,Unforgiven,1992,"http://ia.media-imdb.com/images/M/MV5BMTkzNTc0NDc4OF5BMl5BanBnXkFtZTcwNTY1ODg3OA@@._V1_SY317_CR5,0,214,317_.jpg",http://www.imdb.com/title/tt0105695/
Patton ,Patton,1970,"http://ia.media-imdb.com/images/M/MV5BMTI5ODQ5MDgzNV5BMl5BanBnXkFtZTYwMzA5NzE5._V1_SY317_CR7,0,214,317_.jpg",http://www.imdb.com/title/tt0066206/
Copycat ,Copycat,1995,"http://ia.media-imdb.com/images/M/MV5BMTMwNzcwMTAxOV5BMl5BanBnXkFtZTYwMzYyNzQ5._V1_SY317_CR11,0,214,317_.jpg",http://www.imdb.com/title/tt0112722/
Raiders of the Lost Ark ,Raiders of the Lost Ark,1981,http://ia.media-imdb.com/images/M/MV5BMjA0ODEzMTc1Nl5BMl5BanBnXkFtZTcwODM2MjAxNA@@._V1_SX214_.jpg,http://www.imdb.com/title/tt0082971/
"Haunted World of Edward D. Wood Jr., The ",Haunted World of Edward D. Wood Jr.,1995,http://ia.media-imdb.com/images/M/MV5BMTMxMDcyNjQ4N15BMl5BanBnXkFtZTcwMTI2NjcyMQ@@._V1_SX214_.jpg,http://www.imdb.com/title/tt0113270/
Smilla's Sense of Snow ,Smilla's Sense of Snow,1997,"http://ia.media-imdb.com/images/M/MV5BMTIyNDAzMzM1Ml5BMl5BanBnXkFtZTYwNDQ3OTU5._V1_SY317_CR4,0,214,317_.jpg",http://www.imdb.com/title/tt0120152/
Brother Minister: The Assassination of Malcolm X ,Brother Minister: The Assassination of Malcolm X,1994,"http://ia.media-imdb.com/images/M/MV5BNDA2MTYyNDE4NV5BMl5BanBnXkFtZTcwOTY5ODA3NA@@._V1_SY317_CR9,0,214,317_.jpg",http://www.imdb.com/title/tt0109339/
Gone with the Wind ,Gone with the Wind,1939,"http://ia.media-imdb.com/images/M/MV5BODQ1NDk2Nzc4OF5BMl5BanBnXkFtZTcwMTI0Njk3OA@@._V1_SY317_CR12,0,214,317_.jpg",http://www.imdb.com/title/tt0031381/
Kolya ,Kolya,1996,"http://ia.media-imdb.com/images/M/MV5BMTcwNTAyMTE1Nl5BMl5BanBnXkFtZTcwMzk4NTgxMQ@@._V1_SY317_CR3,0,214,317_.jpg",http://www.imdb.com/title/tt0116790/
"Aristocats, The ",Aristocats,1970,"http://ia.media-imdb.com/images/M/MV5BMTY4Njk4NDYxNl5BMl5BanBnXkFtZTcwOTczMzc1MQ@@._V1_SY317_CR13,0,214,317_.jpg",http://www.imdb.com/title/tt0065421/
"Santa Clause, The ",Santa Clause,1994,"http://ia.media-imdb.com/images/M/MV5BNDY4MjgyNTk3Ml5BMl5BanBnXkFtZTcwMTg1NTUxMQ@@._V1_SY317_CR5,0,214,317_.jpg",http://www.imdb.com/title/tt0111070/
Cyrano de Bergerac ,Cyrano de Bergerac,1990,http://ia.media-imdb.com/images/M/MV5BMTk1MTI5ODc3Nl5BMl5BanBnXkFtZTcwNjkyNDYyMQ@@._V1_SX214_.jpg,http://www.imdb.com/title/tt0099334/
Top Gun ,Top Gun,1986,"http://ia.media-imdb.com/images/M/MV5BMTY3ODg4OTU3Nl5BMl5BanBnXkFtZTYwMjI1Nzg4._V1_SY317_CR3,0,214,317_.jpg",http://www.imdb.com/title/tt0092099/
Full Metal Jacket ,Full Metal Jacket,1987,"http://ia.media-imdb.com/images/M/MV5BNDAzMjU3NzE0Nl5BMl5BanBnXkFtZTcwNTk1ODg3OA@@._V1_SY317_CR11,0,214,317_.jpg",http://www.imdb.com/title/tt0093058/
"Truth About Cats & Dogs, The ",Truth About Cats & Dogs,1996,"http://ia.media-imdb.com/images/M/MV5BMTYxNjIyMjkxNl5BMl5BanBnXkFtZTYwMDAzOTg4._V1_SY317_CR3,0,214,317_.jpg",http://www.imdb.com/title/tt0117979/
Private Benjamin ,Private Benjamin,1980,"http://ia.media-imdb.com/images/M/MV5BMTQyMTU5MTYwOF5BMl5BanBnXkFtZTcwNzIyMjkxMQ@@._V1_SY317_CR9,0,214,317_.jpg",http://www.imdb.com/title/tt0081375/
Lone Star ,Lone Star,1996,http://ia.media-imdb.com/images/M/MV5BMTU3OTI2OTk0N15BMl5BanBnXkFtZTcwMTU3OTYxMQ@@._V1_SX214_.jpg,http://www.imdb.com/title/tt0116905/
Sling Blade ,Sling Blade,1996,"http://ia.media-imdb.com/images/M/MV5BMTM4MDMwNTMwOF5BMl5BanBnXkFtZTcwNTMzODgyMQ@@._V1_SY317_CR4,0,214,317_.jpg",http://www.imdb.com/title/tt0117666/
Braveheart ,Braveheart,1995,http://ia.media-imdb.com/images/M/MV5BNjA4ODYxMDU3Nl5BMl5BanBnXkFtZTcwMzkzMTk3OA@@._V1_SX214_.jpg,http://www.imdb.com/title/tt0112573/
Raising Arizona ,Raising Arizona,1987,"http://ia.media-imdb.com/images/M/MV5BMTg0NjYzOTUzNF5BMl5BanBnXkFtZTcwODkyMDMyMQ@@._V1_SY317_CR5,0,214,317_.jpg",http://www.imdb.com/title/tt0093822/
"Graduate, The ",Graduate,1967,http://ia.media-imdb.com/images/M/MV5BMTQ0ODc4MDk4Nl5BMl5BanBnXkFtZTcwMTEzNzgzNA@@._V1_SX214_.jpg,http://www.imdb.com/title/tt0061722/
Die Hard ,Die Hard,1988,http://ia.media-imdb.com/images/M/MV5BMTY4ODM0OTc2M15BMl5BanBnXkFtZTcwNzE0MTk3OA@@._V1_SX214_.jpg,http://www.imdb.com/title/tt0095016/
"Shining, The ",Shining,1980,"http://ia.media-imdb.com/images/M/MV5BODMxMjE3NTA4Ml5BMl5BanBnXkFtZTgwNDc0NTIxMDE@._V1_SY317_CR1,0,214,317_.jpg",http://www.imdb.com/title/tt0081505/
"Mirror Has Two Faces, The ",Mirror Has Two Faces,1996,http://ia.media-imdb.com/images/M/MV5BNTEyNzUyNTcwM15BMl5BanBnXkFtZTYwMTc3NDI5._V1_SX214_.jpg,http://www.imdb.com/title/tt0117057/
Supercop ,Supercop,1992,static/images/nocover.png,http://www.imdb.com/title/tt0089591/
Gattaca ,Gattaca,1997,"http://ia.media-imdb.com/images/M/MV5BNzQxMzU3OTQwNF5BMl5BanBnXkFtZTYwNDUyNTE5._V1_SY317_CR4,0,214,317_.jpg",http://www.imdb.com/title/tt0119177/
"20,000 Leagues Under the Sea ",20,1954,"http://ia.media-imdb.com/images/M/MV5BMjA1NjMyMTkwN15BMl5BanBnXkFtZTcwNDI1NzEyMQ@@._V1_SY317_CR4,0,214,317_.jpg",http://www.imdb.com/title/tt0120694/
Billy Madison ,Billy Madison,1995,"http://ia.media-imdb.com/images/M/MV5BMTYxODk3MDYzOV5BMl5BanBnXkFtZTcwODk1ODAzMQ@@._V1_SY317_CR6,0,214,317_.jpg",http://www.imdb.com/title/tt0112508/
"To Wong Foo, Thanks for Everything! Julie Newmar ",To Wong Foo,1995,"http://ia.media-imdb.com/images/M/MV5BMTIwOTg5NzcxMV5BMl5BanBnXkFtZTcwNzc4MTAyMQ@@._V1_SY317_CR4,0,214,317_.jpg",http://www.imdb.com/title/tt0114682/
Priest ,Priest,1994,http://ia.media-imdb.com/images/M/MV5BMTQ1MTAwODc3OV5BMl5BanBnXkFtZTcwNzI0MDQ3NA@@._V1_SX214_.jpg,http://www.imdb.com/title/tt0822847/
"Blues Brothers, The ",Blues Brothers,1980,http://ia.media-imdb.com/images/M/MV5BMTM4MjYwMTk5M15BMl5BanBnXkFtZTYwNTQzMTI5._V1_SX214_.jpg,http://www.imdb.com/title/tt0080455/
Cinema Paradiso ,Cinema Paradiso,1988,"http://ia.media-imdb.com/images/M/MV5BNDMwNDk3NDQ0Nl5BMl5BanBnXkFtZTcwNjEwMjI2MQ@@._V1_SY317_CR6,0,214,317_.jpg",http://www.imdb.com/title/tt0095765/
Heavy Metal ,Heavy Metal,1981,"http://ia.media-imdb.com/images/M/MV5BMzYzNTU1MjEzNF5BMl5BanBnXkFtZTYwMTQ0OTU5._V1_SY317_CR3,0,214,317_.jpg",http://www.imdb.com/title/tt0082509/
Field of Dreams ,Field of Dreams,1989,"http://ia.media-imdb.com/images/M/MV5BMTkxNDc3MzMwOF5BMl5BanBnXkFtZTcwMzY1Mjk3OA@@._V1_SY317_CR12,0,214,317_.jpg",http://www.imdb.com/title/tt0097351/
"Princess Bride, The ",Princess Bride,1987,http://ia.media-imdb.com/images/M/MV5BMjM0Nzk5NTc4OV5BMl5BanBnXkFtZTcwMDA2MzgxNA@@._V1_SX214_.jpg,http://www.imdb.com/title/tt0093779/
Homeward Bound: The Incredible Journey ,Homeward Bound: The Incredible Journey,1993,"http://ia.media-imdb.com/images/M/MV5BMjAyNTE4NDU2Nl5BMl5BanBnXkFtZTcwNTgyNjQyMQ@@._V1_SY317_CR4,0,214,317_.jpg",http://www.imdb.com/title/tt0107131/
Aliens ,Aliens,1986,"http://ia.media-imdb.com/images/M/MV5BMTk3NzkwMjA3OV5BMl5BanBnXkFtZTYwMTIwOTk2._V1_SY317_CR3,0,214,317_.jpg",http://www.imdb.com/title/tt0078748/
Legends of the Fall ,Legends of the Fall,1994,"http://ia.media-imdb.com/images/M/MV5BMTc2MTk2OTM4MF5BMl5BanBnXkFtZTcwNjQ4NjIzMQ@@._V1_SY317_CR7,0,214,317_.jpg",http://www.imdb.com/title/tt0110322/
Independence Day (ID4) ,Independence Day (ID4),1996,static/images/nocover.png,http://www.imdb.com/title/tt0357791/
"Professional, The ",Professional,1994,http://ia.media-imdb.com/images/M/MV5BMTI2NzQ3NDA5MF5BMl5BanBnXkFtZTcwNDc1MjA0MQ@@._V1_SY210_SX150_.jpg,http://www.imdb.com/title/tt0073580/
"Unbearable Lightness of Being, The ",Unbearable Lightness of Being,1988,"http://ia.media-imdb.com/images/M/MV5BMTIzNDIxMzk5OF5BMl5BanBnXkFtZTYwNzcwMzA5._V1_SY317_CR6,0,214,317_.jpg",http://www.imdb.com/title/tt0096332/
"Hudsucker Proxy, The ",Hudsucker Proxy,1994,"http://ia.media-imdb.com/images/M/MV5BMTgzNjE1Mjk5MV5BMl5BanBnXkFtZTcwNDQwOTkyMQ@@._V1_SY317_CR2,0,214,317_.jpg",http://www.imdb.com/title/tt0110074/
Four Rooms ,Four Rooms,1995,http://ia.media-imdb.com/images/M/MV5BMTQwOTMzNjA0Nl5BMl5BanBnXkFtZTcwMjgzNTUyMQ@@._V1_SX214_.jpg,http://www.imdb.com/title/tt0113101/
Steel ,Steel,1997,"http://ia.media-imdb.com/images/M/MV5BMjI5OTYzNjI0Ml5BMl5BanBnXkFtZTcwMzM1NDA1OQ@@._V1_SY317_CR1,0,214,317_.jpg",http://www.imdb.com/title/tt0770828/
Apollo 13 ,Apollo 13,1995,http://ia.media-imdb.com/images/M/MV5BMTM2Njg2NjU5NF5BMl5BanBnXkFtZTYwODI5MDc4._V1_SY226_SX144_.jpg,http://www.imdb.com/title/tt0112384/
"Fish Called Wanda, A ",Fish Called Wanda,1988,http://ia.media-imdb.com/images/M/MV5BMjE5OTIzODI4Nl5BMl5BanBnXkFtZTcwNDg3NzYzNA@@._V1_SX214_.jpg,http://www.imdb.com/title/tt0095159/
"Godfather: Part II, The ",Godfather: Part II,1974,http://ia.media-imdb.com/images/M/MV5BNDc2NTM3MzU1Nl5BMl5BanBnXkFtZTcwMTA5Mzg3OA@@._V1_SX214_.jpg,http://www.imdb.com/title/tt0071562/
Indiana Jones and the Last Crusade ,Indiana Jones and the Last Crusade,1989,http://ia.media-imdb.com/images/M/MV5BMTQxMTUyODg2OF5BMl5BanBnXkFtZTcwNDM2MjAxNA@@._V1_SX214_.jpg,http://www.imdb.com/title/tt0097576/
"Shawshank Redemption, The ",Shawshank Redemption,1994,"http://ia.media-imdb.com/images/M/MV5BMTc3NjM4MTY3MV5BMl5BanBnXkFtZTcwODk4Mzg3OA@@._V1_SY317_CR4,0,214,317_.jpg",http://www.imdb.com/title/tt0111161/
2001: A Space Odyssey ,2001: A Space Odyssey,1968,"http://ia.media-imdb.com/images/M/MV5BNDYyMDgxNDQ5Nl5BMl5BanBnXkFtZTcwMjc1ODg3OA@@._V1_SY317_CR12,0,214,317_.jpg",http://www.imdb.com/title/tt0062622/
Return of the Jedi ,Return of the Jedi,1983,"http://ia.media-imdb.com/images/M/MV5BMjE5MTM3ODU5MV5BMl5BanBnXkFtZTcwOTYzNjk2OQ@@._V1_SY317_CR0,0,214,317_.jpg",http://www.imdb.com/title/tt0086190/
Forrest Gump ,Forrest Gump,1994,http://ia.media-imdb.com/images/M/MV5BMTQwMTA5MzI1MF5BMl5BanBnXkFtZTcwMzY5Mzg3OA@@._V1_SX214_.jpg,http://www.imdb.com/title/tt0109830/
"Ref, The ",Ref,1994,"http://ia.media-imdb.com/images/M/MV5BMTgxNTgyMzk0NV5BMl5BanBnXkFtZTYwMjM5Mzg5._V1_SY317_CR4,0,214,317_.jpg",http://www.imdb.com/title/tt0110955/
12 Angry Men ,12 Angry Men,1957,http://ia.media-imdb.com/images/M/MV5BODQwOTc5MDM2N15BMl5BanBnXkFtZTcwODQxNTEzNA@@._V1_SX214_.jpg,http://www.imdb.com/title/tt0050083/
Big Night ,Big Night,1996,"http://ia.media-imdb.com/images/M/MV5BMTUzMjAzMjMyMl5BMl5BanBnXkFtZTcwNTUzNDIyMQ@@._V1_SY317_CR1,0,214,317_.jpg",http://www.imdb.com/title/tt0115678/
Batman Forever ,Batman Forever,1995,"http://ia.media-imdb.com/images/M/MV5BMjAwOTEyNjg0M15BMl5BanBnXkFtZTYwODQyMTI5._V1_SY317_CR10,0,214,317_.jpg",http://www.imdb.com/title/tt0112462/
Aladdin ,Aladdin,1992,"http://ia.media-imdb.com/images/M/MV5BNTI4ODQ1MzAzNV5BMl5BanBnXkFtZTgwMzU4NzMxMDE@._V1_SY317_CR12,0,214,317_.jpg",http://www.imdb.com/title/tt0103639/
Men in Black ,Men in Black,1997,"http://ia.media-imdb.com/images/M/MV5BNzA2MzI5Nzc0N15BMl5BanBnXkFtZTcwODE2NDU2MQ@@._V1_SY317_CR1,0,214,317_.jpg",http://www.imdb.com/title/tt0119654/
"Nightmare on Elm Street, A ",Nightmare on Elm Street,1984,http://ia.media-imdb.com/images/M/MV5BMTMxOTk4NjMzOV5BMl5BanBnXkFtZTcwOTQ3NDAzMg@@._V1_SX214_.jpg,http://www.imdb.com/title/tt0087800/
"Love Bug, The ",Love Bug,1969,"http://ia.media-imdb.com/images/M/MV5BMTMxOTgxMzI1OV5BMl5BanBnXkFtZTcwOTcwMDAwMQ@@._V1_SY317_CR3,0,214,317_.jpg",http://www.imdb.com/title/tt0064603/
Bedknobs and Broomsticks ,Bedknobs and Broomsticks,1971,http://ia.media-imdb.com/images/M/MV5BMjA3MjA5NTg3MF5BMl5BanBnXkFtZTcwOTIzMzAyMQ@@._V1_SX214_.jpg,http://www.imdb.com/title/tt0066817/
Raging Bull ,Raging Bull,1980,http://ia.media-imdb.com/images/M/MV5BMjIxOTg3OTc5MF5BMl5BanBnXkFtZTcwNzkwNjMwNA@@._V1_SX214_.jpg,http://www.imdb.com/title/tt0081398/
Clerks ,Clerks,1994,"http://ia.media-imdb.com/images/M/MV5BMTg2NTQ5NjAzMF5BMl5BanBnXkFtZTYwODU1OTc4._V1_SY317_CR5,0,214,317_.jpg",http://www.imdb.com/title/tt0109445/
Austin Powers: International Man of Mystery ,Austin Powers: International Man of Mystery,1997,"http://ia.media-imdb.com/images/M/MV5BMTU4MTY0NTk1MF5BMl5BanBnXkFtZTcwMjMxNTIyMQ@@._V1_SY317_CR8,0,214,317_.jpg",http://www.imdb.com/title/tt0118655/
Dolores Claiborne ,Dolores Claiborne,1994,"http://ia.media-imdb.com/images/M/MV5BMjE4NDIwNzgwN15BMl5BanBnXkFtZTcwNzk3MDAzMQ@@._V1_SY317_CR12,0,214,317_.jpg",http://www.imdb.com/title/tt0109642/
"Sound of Music, The ",Sound of Music,1965,"http://ia.media-imdb.com/images/M/MV5BMTY0MzA3MDk2M15BMl5BanBnXkFtZTcwODg4MzEzMQ@@._V1_SY317_CR5,0,214,317_.jpg",http://www.imdb.com/title/tt0059742/
Star Trek IV: The Voyage Home ,Star Trek IV: The Voyage Home,1986,http://ia.media-imdb.com/images/M/MV5BMjEzOTk1ODU1Ml5BMl5BanBnXkFtZTcwODEwNDI4OA@@._V1_SX214_.jpg,http://www.imdb.com/title/tt0092007/
Mighty Aphrodite ,Mighty Aphrodite,1995,"http://ia.media-imdb.com/images/M/MV5BMTUzMzE3Nzg5Ml5BMl5BanBnXkFtZTcwNTIxNDEyMQ@@._V1_SY317_CR5,0,214,317_.jpg",http://www.imdb.com/title/tt0113819/
D3: The Mighty Ducks ,D3: The Mighty Ducks,1996,"http://ia.media-imdb.com/images/M/MV5BMTM2Njg5MDg4MF5BMl5BanBnXkFtZTcwNjk0MDcyMQ@@._V1_SY317_CR9,0,214,317_.jpg",http://www.imdb.com/title/tt0116000/
M*A*S*H ,M*A*S*H,1970,"http://ia.media-imdb.com/images/M/MV5BMTQ3OTM1NjM5MF5BMl5BanBnXkFtZTcwMTI5NDY0MQ@@._V1_SY317_CR5,0,214,317_.jpg",http://www.imdb.com/title/tt0068098/
"Pillow Book, The ",Pillow Book,1995,"http://ia.media-imdb.com/images/M/MV5BMTYwNDYwNzE1N15BMl5BanBnXkFtZTcwMTE1NzgxMQ@@._V1_SY317_CR2,0,214,317_.jpg",http://www.imdb.com/title/tt0114134/
Alien ,Alien,1979,"http://ia.media-imdb.com/images/M/MV5BMTk3NzkwMjA3OV5BMl5BanBnXkFtZTYwMTIwOTk2._V1_SY317_CR3,0,214,317_.jpg",http://www.imdb.com/title/tt0078748/
"Terminator, The ",Terminator,1984,"http://ia.media-imdb.com/images/M/MV5BMTg5NzUwMDU5NF5BMl5BanBnXkFtZTcwMjk2MDA4Mg@@._V1_SY317_CR18,0,214,317_.jpg",http://www.imdb.com/title/tt0103064/
"Mask, The ",Mask,1994,"http://ia.media-imdb.com/images/M/MV5BMTMwMTkwMzAzN15BMl5BanBnXkFtZTYwMTMxMjM5._V1_SY317_CR6,0,214,317_.jpg",http://www.imdb.com/title/tt0110475/
Jean de Florette ,Jean de Florette,1986,http://ia.media-imdb.com/images/M/MV5BMTgxNDc1NTE2OF5BMl5BanBnXkFtZTcwMjczNzA2NA@@._V1_SX214_.jpg,http://www.imdb.com/title/tt0091288/
Citizen Ruth ,Citizen Ruth,1996,http://ia.media-imdb.com/images/M/MV5BMTMyNTEzMTU3MV5BMl5BanBnXkFtZTYwMDgwMzM5._V1_SX214_.jpg,http://www.imdb.com/title/tt0115906/
Desperado ,Desperado,1995,http://ia.media-imdb.com/images/M/MV5BMTk4NDc3NDkyM15BMl5BanBnXkFtZTcwNDc1OTM2MQ@@._V1_SX214_.jpg,http://www.imdb.com/title/tt0112851/
In the Company of Men ,In the Company of Men,1997,"http://ia.media-imdb.com/images/M/MV5BMTA1NjYzMDg4NzheQTJeQWpwZ15BbWU3MDA3NTc5MzE@._V1_SY317_CR2,0,214,317_.jpg",http://www.imdb.com/title/tt0119361/
Hoop Dreams ,Hoop Dreams,1994,"http://ia.media-imdb.com/images/M/MV5BMTk4ODE0MjQzOF5BMl5BanBnXkFtZTcwNDUzNjgyMQ@@._V1_SY317_CR5,0,214,317_.jpg",http://www.imdb.com/title/tt0110057/
On Golden Pond ,On Golden Pond,1981,"http://ia.media-imdb.com/images/M/MV5BNDg3MTIzMTYxNl5BMl5BanBnXkFtZTcwMjAxNzY0MQ@@._V1_SY317_CR5,0,214,317_.jpg",http://www.imdb.com/title/tt0082846/
My Best Friend's Wedding ,My Best Friend's Wedding,1997,"http://ia.media-imdb.com/images/M/MV5BNDI0ODY4NDQ1NV5BMl5BanBnXkFtZTcwMjcxNDIyMQ@@._V1_SY317_CR4,0,214,317_.jpg",http://www.imdb.com/title/tt0119738/
From Dusk Till Dawn ,From Dusk Till Dawn,1996,http://ia.media-imdb.com/images/M/MV5BMTUzNjI5NTUwOV5BMl5BanBnXkFtZTcwMDAyMDQyMQ@@._V1_SX214_.jpg,http://www.imdb.com/title/tt0116367/
Henry V ,Henry V,1989,http://ia.media-imdb.com/images/M/MV5BMTI1ODg1Mjk5NF5BMl5BanBnXkFtZTcwNzQyNjUxMQ@@._V1_SX214_.jpg,http://www.imdb.com/title/tt0097499/
Twelve Monkeys ,Twelve Monkeys,1995,static/images/nocover.png,http://www.imdb.com/title/tt0114746/
"Usual Suspects, The ",Usual Suspects,1995,http://ia.media-imdb.com/images/M/MV5BMzI1MjI5MDQyOV5BMl5BanBnXkFtZTcwNzE4Mjg3NA@@._V1_SX214_.jpg,http://www.imdb.com/title/tt0114814/
Army of Darkness ,Army of Darkness,1993,"http://ia.media-imdb.com/images/M/MV5BMjE0Nzc2NTMwMV5BMl5BanBnXkFtZTcwMzM0NDAyMQ@@._V1_SY317_CR0,0,214,317_.jpg",http://www.imdb.com/title/tt0106308/
"Long Kiss Goodnight, The ",Long Kiss Goodnight,1996,"http://ia.media-imdb.com/images/M/MV5BMTUxMTY5MDE0OF5BMl5BanBnXkFtZTcwMzU5NjgxMQ@@._V1_SY317_CR8,0,214,317_.jpg",http://www.imdb.com/title/tt0116908/
Get Shorty ,Get Shorty,1995,http://ia.media-imdb.com/images/M/MV5BMjAwODYzNDY4Ml5BMl5BanBnXkFtZTcwODkwNTgzNA@@._V1_SX214_.jpg,http://www.imdb.com/title/tt0113161/
"Silence of the Lambs, The ",Silence of the Lambs,1991,http://ia.media-imdb.com/images/M/MV5BMTQ2NzkzMDI4OF5BMl5BanBnXkFtZTcwMDA0NzE1NA@@._V1_SX214_.jpg,http://www.imdb.com/title/tt0102926/
Searching for Bobby Fischer ,Searching for Bobby Fischer,1993,"http://ia.media-imdb.com/images/M/MV5BMTI3NzY3ODg3N15BMl5BanBnXkFtZTcwNzU1NzcyMQ@@._V1_SY317_CR5,0,214,317_.jpg",http://www.imdb.com/title/tt0108065/
Outbreak ,Outbreak,1995,"http://ia.media-imdb.com/images/M/MV5BOTMwNTMwMTk4NV5BMl5BanBnXkFtZTcwMTI0ODYxMQ@@._V1_SY317_CR11,0,214,317_.jpg",http://www.imdb.com/title/tt0114069/
"Spitfire Grill, The ",Spitfire Grill,1996,http://ia.media-imdb.com/images/M/MV5BMjE5NjU2NjgyM15BMl5BanBnXkFtZTcwMTgzNjUyMQ@@._V1_SX214_.jpg,http://www.imdb.com/title/tt0117718/
True Romance ,True Romance,1993,http://ia.media-imdb.com/images/M/MV5BMTMxMTM3MDIwM15BMl5BanBnXkFtZTcwMDYyOTUyMg@@._V1_SX214_.jpg,http://www.imdb.com/title/tt0108399/
"Doom Generation, The ",Doom Generation,1995,"http://ia.media-imdb.com/images/M/MV5BMTgxNTIxNjgyOF5BMl5BanBnXkFtZTcwNjc2MzE3MQ@@._V1_SY317_CR4,0,214,317_.jpg",http://www.imdb.com/title/tt0112887/
Three Colors: White ,Three Colors: White,1994,"http://ia.media-imdb.com/images/M/MV5BODUzNDcwNzY4Ml5BMl5BanBnXkFtZTYwODk4Mzk5._V1_SY317_CR3,0,214,317_.jpg",http://www.imdb.com/title/tt0111507/
Exotica ,Exotica,1994,"http://ia.media-imdb.com/images/M/MV5BMTU4OTMzMDczOV5BMl5BanBnXkFtZTYwODYyMTg4._V1_SY317_CR5,0,214,317_.jpg",http://www.imdb.com/title/tt0109759/
Monty Python and the Holy Grail ,Monty Python and the Holy Grail,1974,http://ia.media-imdb.com/images/M/MV5BMTkzODczMTgwM15BMl5BanBnXkFtZTYwNTAwODI5._V1_SX214_.jpg,http://www.imdb.com/title/tt0071853/
Kids in the Hall: Brain Candy ,Kids in the Hall: Brain Candy,1996,"http://ia.media-imdb.com/images/M/MV5BMTMxMzE4NDUzNl5BMl5BanBnXkFtZTcwOTE4MjkxMQ@@._V1_SY317_CR5,0,214,317_.jpg",http://www.imdb.com/title/tt0116768/
Babe ,Babe,1995,"http://ia.media-imdb.com/images/M/MV5BMTIwNzY2OTIzN15BMl5BanBnXkFtZTcwNjcxODAzMQ@@._V1_SY317_CR7,0,214,317_.jpg",http://www.imdb.com/title/tt0112431/
"Brothers McMullen, The ",Brothers McMullen,1995,"http://ia.media-imdb.com/images/M/MV5BMTIwODk3MDU5N15BMl5BanBnXkFtZTcwMTE2NTYyMQ@@._V1_SY317_CR5,0,214,317_.jpg",http://www.imdb.com/title/tt0112585/
Mystery Science Theater 3000: The Movie ,Mystery Science Theater 3000: The Movie,1996,"http://ia.media-imdb.com/images/M/MV5BMTU1OTA2NzAyNV5BMl5BanBnXkFtZTcwMDI1MTYyMQ@@._V1_SY311_CR1,0,214,311_.jpg",http://www.imdb.com/title/tt0117128/
Star Trek: First Contact ,Star Trek: First Contact,1996,"http://ia.media-imdb.com/images/M/MV5BNTc1NjMzODU1MF5BMl5BanBnXkFtZTYwMjAwNjk4._V1_SY317_CR5,0,214,317_.jpg",http://www.imdb.com/title/tt0117731/
Muppet Treasure Island ,Muppet Treasure Island,1996,"http://ia.media-imdb.com/images/M/MV5BMTY0NDU1MDYxMl5BMl5BanBnXkFtZTcwNjgyMTEzMQ@@._V1_SY317_CR4,0,214,317_.jpg",http://www.imdb.com/title/tt0117110/
Wallace & Gromit: The Best of Aardman Animation ,Wallace & Gromit: The Best of Aardman Animation,1996,http://ia.media-imdb.com/images/M/MV5BMTUyNDMxOTIxOF5BMl5BanBnXkFtZTcwODA1NTcyMQ@@._V1_SX214_.jpg,http://www.imdb.com/title/tt0118114/
Dead Poets Society ,Dead Poets Society,1989,"http://ia.media-imdb.com/images/M/MV5BMjAyMDAxNTExMl5BMl5BanBnXkFtZTcwOTIxMTEzMQ@@._V1_SY317_CR3,0,214,317_.jpg",http://www.imdb.com/title/tt0097165/
Breakfast at Tiffany's ,Breakfast at Tiffany's,1961,http://ia.media-imdb.com/images/M/MV5BMzg3NTI2NzU2NF5BMl5BanBnXkFtZTcwMjQxMTQ5OQ@@._V1_SX214_.jpg,http://www.imdb.com/title/tt0054698/
Reservoir Dogs ,Reservoir Dogs,1992,"http://ia.media-imdb.com/images/M/MV5BMTQxMTAwMDQ3Nl5BMl5BanBnXkFtZTcwODMwNTgzMQ@@._V1_SY317_CR5,0,214,317_.jpg",http://www.imdb.com/title/tt0105236/
Much Ado About Nothing ,Much Ado About Nothing,1993,http://ia.media-imdb.com/images/M/MV5BMzkwODM1OTY1Nl5BMl5BanBnXkFtZTcwOTcxMDQ1NA@@._V1_SX214_.jpg,http://www.imdb.com/title/tt0107616/
Turbo: A Power Rangers Movie ,Turbo: A Power Rangers Movie,1997,"http://ia.media-imdb.com/images/M/MV5BMTA2OTc1MzMxNDheQTJeQWpwZ15BbWU3MDM4ODc1MjE@._V1_SY317_CR4,0,214,317_.jpg",http://www.imdb.com/title/tt0120389/
Free Willy 2: The Adventure Home ,Free Willy 2: The Adventure Home,1995,http://ia.media-imdb.com/images/M/MV5BMjgyNTc4Mzk4OV5BMl5BanBnXkFtZTcwMDgwMDQyMQ@@._V1_SX214_.jpg,http://www.imdb.com/title/tt0113114/
This Is Spinal Tap ,This Is Spinal Tap,1984,"http://ia.media-imdb.com/images/M/MV5BMTMxNDgzMzc2MF5BMl5BanBnXkFtZTcwNzgyMzY3NA@@._V1_SY317_CR2,0,214,317_.jpg",http://www.imdb.com/title/tt0088258/
Pink Floyd - The Wall ,Pink Floyd - The Wall,1982,"http://ia.media-imdb.com/images/M/MV5BMTcxMDAzNDk2M15BMl5BanBnXkFtZTYwNDE4MDg4._V1_SY317_CR4,0,214,317_.jpg",http://www.imdb.com/title/tt0084503/
Psycho ,Psycho,1960,http://ia.media-imdb.com/images/M/MV5BMTgyNDIxNzQ4MF5BMl5BanBnXkFtZTYwMzkyNTQ2._V1_SX214_.jpg,http://www.imdb.com/title/tt0054215/
Weekend at Bernie's ,Weekend at Bernie's,1989,http://ia.media-imdb.com/images/M/MV5BMjAwMjU1MTA4N15BMl5BanBnXkFtZTcwNzAxNTc3NA@@._V1_SX214_.jpg,http://www.imdb.com/title/tt0098627/
Evil Dead II ,Evil Dead II,1987,"http://ia.media-imdb.com/images/M/MV5BMTI0ODQzMzY5N15BMl5BanBnXkFtZTYwMDE0NTU5._V1_SY317_CR2,0,214,317_.jpg",http://www.imdb.com/title/tt0092991/
Delicatessen ,Delicatessen,1991,"http://ia.media-imdb.com/images/M/MV5BMTY4NzQxNjI5OF5BMl5BanBnXkFtZTcwNzA1OTYxMQ@@._V1_SY317_CR3,0,214,317_.jpg",http://www.imdb.com/title/tt0101700/
Striptease ,Striptease,1996,"http://ia.media-imdb.com/images/M/MV5BMjAyNTcyNzY1OF5BMl5BanBnXkFtZTcwNDM2MjAyMQ@@._V1_SY317_CR9,0,214,317_.jpg",http://www.imdb.com/title/tt0117765/
