"Birdcage, The (1996)",Birdcage,1996,http://ia.media-imdb.com/images/M/MV5BMTM2NjExODYyOF5BMl5BanBnXkFtZTcwNTc0NjgyNA@@._V1_SX214_.jpg,http://www.imdb.com/title/tt0115685/
Back to the Future (1985),Back to the Future,1985,http://ia.media-imdb.com/images/M/MV5BMTk4OTQ1OTMwN15BMl5BanBnXkFtZTcwOTIwMzM3MQ@@._V1_SX214_.jpg,http://www.imdb.com/title/tt0088763/
Nikita (La Femme Nikita) (1990),Nikita (La Femme Nikita),1990,"http://ia.media-imdb.com/images/M/MV5BMTcwMjgwNjE0MV5BMl5BanBnXkFtZTYwNTM3Njk5._V1_SY317_CR7,0,214,317_.jpg",http://www.imdb.com/title/tt0118379/
Diabolique (1996),Diabolique,1996,"http://ia.media-imdb.com/images/M/MV5BOTg1Mjk0OTYxNF5BMl5BanBnXkFtZTcwNTg3ODIyMQ@@._V1_SY317_CR10,0,214,317_.jpg",http://www.imdb.com/title/tt0116095/
Welcome to the Dollhouse (1995),Welcome to the Dollhouse,1995,"http://ia.media-imdb.com/images/M/MV5BMTcxMzk5NzY4OV5BMl5BanBnXkFtZTcwNzcxNTgxMQ@@._V1_SY317_CR5,0,214,317_.jpg",http://www.imdb.com/title/tt0114906/
"Sting, The (1973)",Sting,1973,http://ia.media-imdb.com/images/M/MV5BMTY2OTM3Njk2MF5BMl5BanBnXkFtZTYwNzk4Njk4._V1_SX214_.jpg,http://www.imdb.com/title/tt0070735/
Grosse Pointe Blank (1997),Grosse Pointe Blank,1997,"http://ia.media-imdb.com/images/M/MV5BOTI4NDU3MDgxNl5BMl5BanBnXkFtZTYwNDUxNTQ5._V1_SY317_CR4,0,214,317_.jpg",http://www.imdb.com/title/tt0119229/
Kansas City (1996),Kansas City,1996,http://ia.media-imdb.com/images/M/MV5BMTczMjIyODA5OV5BMl5BanBnXkFtZTcwNTAzMzMzMQ@@._V1_SY288_SX200_.jpg,http://www.imdb.com/title/tt0116745/
Stargate (1994),Stargate,1994,http://ia.media-imdb.com/images/M/MV5BNjE0NDU2MjQyN15BMl5BanBnXkFtZTcwNTEwNDI4OA@@._V1_SX214_.jpg,http://www.imdb.com/title/tt0111282/
"Horseman on the Roof, The (Hussard sur le toit, Le) (1995)",Horseman on the Roof,1995,static/images/nocover.png,http://www.imdb.com/title/tt0926289/
"Return of the Pink Panther, The (1974)",Return of the Pink Panther,1974,http://ia.media-imdb.com/images/M/MV5BMTM2ODk5NDU2M15BMl5BanBnXkFtZTcwMDQ0MTMyNA@@._V1_SX214_.jpg,http://www.imdb.com/title/tt0072081/
Carlito's Way (1993),Carlito's Way,1993,http://ia.media-imdb.com/images/M/MV5BNjU1OTE5NDIyNl5BMl5BanBnXkFtZTYwMjg1NDg4._V1_SX214_.jpg,http://www.imdb.com/title/tt0106519/
"Wizard of Oz, The (1939)",Wizard of Oz,1939,"http://ia.media-imdb.com/images/M/MV5BMTU0MTA2OTIwNF5BMl5BanBnXkFtZTcwMzA0Njk3OA@@._V1_SY317_CR10,0,214,317_.jpg",http://www.imdb.com/title/tt0032138/
Toy Story (1995),Toy Story,1995,"http://ia.media-imdb.com/images/M/MV5BMTgwMjI4MzU5N15BMl5BanBnXkFtZTcwMTMyNTk3OA@@._V1_SY317_CR12,0,214,317_.jpg",http://www.imdb.com/title/tt0114709/
I.Q. (1994),I.Q.,1994,"http://ia.media-imdb.com/images/M/MV5BMTIwMTc2ODg3NV5BMl5BanBnXkFtZTcwNjEyNTUxMQ@@._V1_SY317_CR5,0,214,317_.jpg",http://www.imdb.com/title/tt0110099/
Monty Python's Life of Brian (1979),Monty Python's Life of Brian,1979,"http://ia.media-imdb.com/images/M/MV5BMTM2NjQ4NDA0MV5BMl5BanBnXkFtZTcwMjM0Njk3OA@@._V1_SY317_CR4,0,214,317_.jpg",http://www.imdb.com/title/tt0079470/
Flipper (1996),Flipper,1996,"http://ia.media-imdb.com/images/M/MV5BMTU4MTMzOTg4Nl5BMl5BanBnXkFtZTcwMDEzNDQyMQ@@._V1_SY317_CR4,0,214,317_.jpg",http://www.imdb.com/title/tt0116322/
Terminator 2: Judgment Day (1991),Terminator 2: Judgment Day,1991,"http://ia.media-imdb.com/images/M/MV5BMTg5NzUwMDU5NF5BMl5BanBnXkFtZTcwMjk2MDA4Mg@@._V1_SY317_CR18,0,214,317_.jpg",http://www.imdb.com/title/tt0103064/
Star Trek III: The Search for Spock (1984),Star Trek III: The Search for Spock,1984,http://ia.media-imdb.com/images/M/MV5BMTc5NDY1OTU0Ml5BMl5BanBnXkFtZTcwNDIwNDI4OA@@._V1_SX214_.jpg,http://www.imdb.com/title/tt0088170/
What's Eating Gilbert Grape (1993),What's Eating Gilbert Grape,1993,"http://ia.media-imdb.com/images/M/MV5BMTM2NTUyMjE0Ml5BMl5BanBnXkFtZTYwOTQwNTU5._V1_SY317_CR2,0,214,317_.jpg",http://www.imdb.com/title/tt0108550/
"Firm, The (1993)",Firm,1993,"http://ia.media-imdb.com/images/M/MV5BMTI3OTI4Mzg5MV5BMl5BanBnXkFtZTcwMjY3NTkxMQ@@._V1_SY317_CR3,0,214,317_.jpg",http://www.imdb.com/title/tt0106918/
When Harry Met Sally... (1989),When Harry Met Sally...,1989,static/images/nocover.png,http://www.imdb.com/title/tt0098635/
Cold Comfort Farm (1995),Cold Comfort Farm,1995,"http://ia.media-imdb.com/images/M/MV5BMjA0NTA4NDUwMV5BMl5BanBnXkFtZTcwNDcyNTUxMQ@@._V1_SY317_CR4,0,214,317_.jpg",http://www.imdb.com/title/tt0112701/
"Postino, Il (1994)",Postino,1994,"http://ia.media-imdb.com/images/M/MV5BMTc2MTc5NjI5Nl5BMl5BanBnXkFtZTYwMTA0NDA5._V1_SY317_CR10,0,214,317_.jpg",http://www.imdb.com/title/tt0082934/
GoldenEye (1995),GoldenEye,1995,http://ia.media-imdb.com/images/M/MV5BMzk2OTg4MTk1NF5BMl5BanBnXkFtZTcwNjExNTgzNA@@._V1_SX214_.jpg,http://www.imdb.com/title/tt0113189/
"Last of the Mohicans, The (1992)",Last of the Mohicans,1992,"http://ia.media-imdb.com/images/M/MV5BMTQ0MjQ5NDAzMV5BMl5BanBnXkFtZTcwNjYzMjE2MQ@@._V1_SY317_CR8,0,214,317_.jpg",http://www.imdb.com/title/tt0104691/
101 Dalmatians (1996),101 Dalmatians,1996,"http://ia.media-imdb.com/images/M/MV5BMTkxNjQwMjM4OF5BMl5BanBnXkFtZTcwMTU5NDMyMQ@@._V1_SY317_CR7,0,214,317_.jpg",http://www.imdb.com/title/tt0115433/
Quiz Show (1994),Quiz Show,1994,"http://ia.media-imdb.com/images/M/MV5BMTc2NTU3MTY4Nl5BMl5BanBnXkFtZTcwNTc1NzkxMQ@@._V1_SY317_CR4,0,214,317_.jpg",http://www.imdb.com/title/tt0110932/
Phenomenon (1996),Phenomenon,1996,"http://ia.media-imdb.com/images/M/MV5BMTk1MzUwMjI5NV5BMl5BanBnXkFtZTYwNzc0Mjg4._V1_SY317_CR2,0,214,317_.jpg",http://www.imdb.com/title/tt0117333/
Air Bud (1997),Air Bud,1997,"http://ia.media-imdb.com/images/M/MV5BMTg0NzYzNDE4M15BMl5BanBnXkFtZTcwNTg4NzQzMQ@@._V1_SY317_CR0,0,214,317_.jpg",http://www.imdb.com/title/tt0118570/
"Wrong Trousers, The (1993)",Wrong Trousers,1993,http://ia.media-imdb.com/images/M/MV5BMTgxNjQxNzM0OV5BMl5BanBnXkFtZTcwMTQyNzAyMQ@@._V1_SX214_.jpg,http://www.imdb.com/title/tt0108598/
"Good, The Bad and The Ugly, The (1966)",Good,1966,"http://ia.media-imdb.com/images/M/MV5BMTk0NjY0Mzg5MF5BMl5BanBnXkFtZTcwNzM1OTM2MQ@@._V1_SY317_CR1,0,214,317_.jpg",http://www.imdb.com/title/tt0119217/
Mr. Smith Goes to Washington (1939),Mr. Smith Goes to Washington,1939,http://ia.media-imdb.com/images/M/MV5BMjAwMzU5ODkwNF5BMl5BanBnXkFtZTcwNTg4Mjk3OA@@._V1_SX214_.jpg,http://www.imdb.com/title/tt0031679/
Starship Troopers (1997),Starship Troopers,1997,http://ia.media-imdb.com/images/M/MV5BOTE3MDAyNTM4OF5BMl5BanBnXkFtZTcwMTcxNDI4OA@@._V1_SX214_.jpg,http://www.imdb.com/title/tt0120201/
"Cable Guy, The (1996)",Cable Guy,1996,http://ia.media-imdb.com/images/M/MV5BMTIwODI4OTA5NF5BMl5BanBnXkFtZTcwMzQ5MDYyMQ@@._V1_SX214_.jpg,http://www.imdb.com/title/tt0115798/
"Hunt for Red October, The (1990)",Hunt for Red October,1990,"http://ia.media-imdb.com/images/M/MV5BMTgxMTE3ODY3OF5BMl5BanBnXkFtZTcwNjY3NDEzMQ@@._V1_SY317_CR4,0,214,317_.jpg",http://www.imdb.com/title/tt0099810/
"Room with a View, A (1986)",Room with a View,1986,"http://ia.media-imdb.com/images/M/MV5BMTg2OTI1MTAyMF5BMl5BanBnXkFtZTYwMjgzODg4._V1_SY317_CR10,0,214,317_.jpg",http://www.imdb.com/title/tt0091867/
Disclosure (1994),Disclosure,1994,"http://ia.media-imdb.com/images/M/MV5BMTM2MTU3NTY1OF5BMl5BanBnXkFtZTcwMjQ3OTYxMQ@@._V1_SY317_CR11,0,214,317_.jpg",http://www.imdb.com/title/tt0109635/
Bram Stoker's Dracula (1992),Bram Stoker's Dracula,1992,"http://ia.media-imdb.com/images/M/MV5BMTI5MTU0NjAyMl5BMl5BanBnXkFtZTcwNTM3MjM1MQ@@._V1_SY317_CR10,0,214,317_.jpg",http://www.imdb.com/title/tt0103874/
Taxi Driver (1976),Taxi Driver,1976,"http://ia.media-imdb.com/images/M/MV5BMTQ1Nzg3MDQwN15BMl5BanBnXkFtZTcwNDE2NDU2MQ@@._V1_SY317_CR9,0,214,317_.jpg",http://www.imdb.com/title/tt0075314/
Chasing Amy (1997),Chasing Amy,1997,"http://ia.media-imdb.com/images/M/MV5BMTY5ODMyMDY4NF5BMl5BanBnXkFtZTcwNDgwMDEyMQ@@._V1_SY317_CR5,0,214,317_.jpg",http://www.imdb.com/title/tt0118842/
"Grand Day Out, A (1992)",Grand Day Out,1992,http://ia.media-imdb.com/images/M/MV5BMTg2ODgyNDY1Ml5BMl5BanBnXkFtZTcwMDY3ODMyMQ@@._V1_SX214_.jpg,http://www.imdb.com/title/tt0104361/
Crumb (1994),Crumb,1994,"http://ia.media-imdb.com/images/M/MV5BMTc1MzcxODgwMl5BMl5BanBnXkFtZTcwMjU1NzE1Mw@@._V1_SY317_CR4,0,214,317_.jpg",http://www.imdb.com/title/tt0109508/
Mad Love (1995),Mad Love,1995,"http://ia.media-imdb.com/images/M/MV5BNDE0NTQ1NjQzM15BMl5BanBnXkFtZTYwNDI4MDU5._V1_SY317_CR5,0,214,317_.jpg",http://www.imdb.com/title/tt0113729/
Batman & Robin (1997),Batman & Robin,1997,http://ia.media-imdb.com/images/M/MV5BMjE3NzcyNzM4MF5BMl5BanBnXkFtZTYwNDA3Mzk4._V1_SX214_.jpg,http://www.imdb.com/title/tt0118688/
"Abyss, The (1989)",Abyss,1989,"http://ia.media-imdb.com/images/M/MV5BMTIwMDA4MTEzMF5BMl5BanBnXkFtZTcwMTcxMTU1MQ@@._V1_SY317_CR5,0,214,317_.jpg",http://www.imdb.com/title/tt0096754/
Dead Man Walking (1995),Dead Man Walking,1995,http://ia.media-imdb.com/images/M/MV5BMTM3NzA1MjM2N15BMl5BanBnXkFtZTcwMzY3MTMzNA@@._V1_SX214_.jpg,http://www.imdb.com/title/tt0112818/
All Dogs Go to Heaven 2 (1996),All Dogs Go to Heaven 2,1996,http://ia.media-imdb.com/images/M/MV5BMTI2MjYyODUzNV5BMl5BanBnXkFtZTcwMTczNzUxMQ@@._V1_SX214_.jpg,http://www.imdb.com/title/tt0115509/
Good Will Hunting (1997),Good Will Hunting,1997,"http://ia.media-imdb.com/images/M/MV5BMTk0NjY0Mzg5MF5BMl5BanBnXkFtZTcwNzM1OTM2MQ@@._V1_SY317_CR1,0,214,317_.jpg",http://www.imdb.com/title/tt0119217/
Seven (Se7en) (1995),Seven (Se7en),1995,http://ia.media-imdb.com/images/M/MV5BMTQwNTU3MTE4NF5BMl5BanBnXkFtZTcwOTgxNDM2Mg@@._V1_SX214_.jpg,http://www.imdb.com/title/tt0114369/
"Net, The (1995)",Net,1995,"http://ia.media-imdb.com/images/M/MV5BMTU0NjA2NzIwOF5BMl5BanBnXkFtZTYwNTExNTg4._V1_SY317_CR1,0,214,317_.jpg",http://www.imdb.com/title/tt0113957/
Moll Flanders (1996),Moll Flanders,1996,http://ia.media-imdb.com/images/M/MV5BMTIzNzA0NDU3OV5BMl5BanBnXkFtZTYwMDExODg5._V1_SX214_.jpg,http://www.imdb.com/title/tt0117071/
Amadeus (1984),Amadeus,1984,http://ia.media-imdb.com/images/M/MV5BMTg5NDkwMTk5N15BMl5BanBnXkFtZTYwODg3MDk2._V1_SX214_.jpg,http://www.imdb.com/title/tt0086879/
"Fugitive, The (1993)",Fugitive,1993,"http://ia.media-imdb.com/images/M/MV5BMTM5MjEyOTg0OF5BMl5BanBnXkFtZTYwMjEzMjE5._V1_SY317_CR4,0,214,317_.jpg",http://www.imdb.com/title/tt0106977/
"Rock, The (1996)",Rock,1996,"http://ia.media-imdb.com/images/M/MV5BMTM3MTczOTM1OF5BMl5BanBnXkFtZTYwMjc1NDA5._V1_SY317_CR4,0,214,317_.jpg",http://www.imdb.com/title/tt0117500/
Richard III (1995),Richard III,1995,"http://ia.media-imdb.com/images/M/MV5BMTI3MzMwMzIxMF5BMl5BanBnXkFtZTYwNTM0Nzc5._V1_SY317_CR3,0,214,317_.jpg",http://www.imdb.com/title/tt0114279/
Nadja (1994),Nadja,1994,"http://ia.media-imdb.com/images/M/MV5BMTk2NTE5MDI4MV5BMl5BanBnXkFtZTcwODM4MDMzMQ@@._V1_SY317_CR51,0,214,317_.jpg",http://www.imdb.com/title/tt0110620/
Crimson Tide (1995),Crimson Tide,1995,"http://ia.media-imdb.com/images/M/MV5BMjY4NDQxMjcwNV5BMl5BanBnXkFtZTcwNDA1MjA0MQ@@._V1_SY317_CR6,0,214,317_.jpg",http://www.imdb.com/title/tt0112740/
Star Wars (1977),Star Wars,1977,http://ia.media-imdb.com/images/M/MV5BMTU4NTczODkwM15BMl5BanBnXkFtZTcwMzEyMTIyMw@@._V1_SX214_.jpg,http://www.imdb.com/title/tt0076759/
Blade Runner (1982),Blade Runner,1982,http://ia.media-imdb.com/images/M/MV5BMTA4MDQxNTk2NDheQTJeQWpwZ15BbWU3MDE2NjIyODk@._V1_SX214_.jpg,http://www.imdb.com/title/tt0083658/
"Bridge on the River Kwai, The (1957)",Bridge on the River Kwai,1957,http://ia.media-imdb.com/images/M/MV5BMTc2NzA0NTEwNF5BMl5BanBnXkFtZTcwMzA0MTk3OA@@._V1_SX214_.jpg,http://www.imdb.com/title/tt0050212/
Kull the Conqueror (1997),Kull the Conqueror,1997,http://ia.media-imdb.com/images/M/MV5BMjE4MzU5MjMyNF5BMl5BanBnXkFtZTYwOTUzMjc4._V1_SX214_.jpg,http://www.imdb.com/title/tt0119484/
"Nightmare Before Christmas, The (1993)",Nightmare Before Christmas,1993,"http://ia.media-imdb.com/images/M/MV5BMTc5MDY0MjkwNV5BMl5BanBnXkFtZTcwNTk2Njk3OA@@._V1_SY317_CR12,0,214,317_.jpg",http://www.imdb.com/title/tt0107688/
Maverick (1994),Maverick,1994,"http://ia.media-imdb.com/images/M/MV5BMTE5OTQzMzU3Nl5BMl5BanBnXkFtZTcwNTA3MTMyMQ@@._V1_SY317_CR10,0,214,317_.jpg",http://www.imdb.com/title/tt0110478/
Mimic (1997),Mimic,1997,"http://ia.media-imdb.com/images/M/MV5BMTg4NTIwMTE5M15BMl5BanBnXkFtZTcwMjkyMTMyMQ@@._V1_SY317_CR5,0,214,317_.jpg",http://www.imdb.com/title/tt0119675/
While You Were Sleeping (1995),While You Were Sleeping,1995,http://ia.media-imdb.com/images/M/MV5BMTc2MTc5MTIzMF5BMl5BanBnXkFtZTYwOTI3NjA5._V1_SX214_.jpg,http://www.imdb.com/title/tt0114924/
Pulp Fiction (1994),Pulp Fiction,1994,"http://ia.media-imdb.com/images/M/MV5BMjE0ODk2NjczOV5BMl5BanBnXkFtZTYwNDQ0NDg4._V1_SY317_CR4,0,214,317_.jpg",http://www.imdb.com/title/tt0110912/
Free Willy (1993),Free Willy,1993,"http://ia.media-imdb.com/images/M/MV5BMTIwNDc5MzAxNV5BMl5BanBnXkFtZTYwOTE2NDE5._V1_SY317_CR3,0,214,317_.jpg",http://www.imdb.com/title/tt0106965/
Sleepless in Seattle (1993),Sleepless in Seattle,1993,"http://ia.media-imdb.com/images/M/MV5BMTIzNDM0MTAzNV5BMl5BanBnXkFtZTcwNDE3MDMyMQ@@._V1_SY317_CR2,0,214,317_.jpg",http://www.imdb.com/title/tt0108160/
Jude (1996),Jude,1996,"http://ia.media-imdb.com/images/M/MV5BMTM0MTIyOTc1NF5BMl5BanBnXkFtZTYwMDI5NDg4._V1_SY317_CR5,0,214,317_.jpg",http://www.imdb.com/title/tt0116722/
Star Trek VI: The Undiscovered Country (1991),Star Trek VI: The Undiscovered Country,1991,http://ia.media-imdb.com/images/M/MV5BMTkyODE4MDIxNV5BMl5BanBnXkFtZTcwNzYxNDI4OA@@._V1_SX214_.jpg,http://www.imdb.com/title/tt0102975/
Event Horizon (1997),Event Horizon,1997,"http://ia.media-imdb.com/images/M/MV5BMTI2Nzc4MzAxNl5BMl5BanBnXkFtZTcwNTQ4MDMzMQ@@._V1_SY317_CR5,0,214,317_.jpg",http://www.imdb.com/title/tt0119081/
Home Alone (1990),Home Alone,1990,"http://ia.media-imdb.com/images/M/MV5BMTUzMzg4MTg2M15BMl5BanBnXkFtZTYwNDM4OTk4._V1_SY317_CR6,0,214,317_.jpg",http://www.imdb.com/title/tt0099785/
Platoon (1986),Platoon,1986,http://ia.media-imdb.com/images/M/MV5BNTU3NzY4ODY5MF5BMl5BanBnXkFtZTcwOTkzNzE1NA@@._V1_SX214_.jpg,http://www.imdb.com/title/tt0091763/
Twister (1996),Twister,1996,"http://ia.media-imdb.com/images/M/MV5BMjE3NDMzODA2M15BMl5BanBnXkFtZTcwMDA5MDkxMQ@@._V1_SY317_CR0,0,214,317_.jpg",http://www.imdb.com/title/tt0117998/
"Fifth Element, The (1997)",Fifth Element,1997,"http://ia.media-imdb.com/images/M/MV5BMTkzOTkwNTI4N15BMl5BanBnXkFtZTYwMDIzNzI5._V1_SY317_CR6,0,214,317_.jpg",http://www.imdb.com/title/tt0119116/
Unhook the Stars (1996),Unhook the Stars,1996,"http://ia.media-imdb.com/images/M/MV5BMTM5NjgxMDQwN15BMl5BanBnXkFtZTcwODk1NTgxMQ@@._V1_SY317_CR3,0,214,317_.jpg",http://www.imdb.com/title/tt0118044/
Under Siege (1992),Under Siege,1992,"http://ia.media-imdb.com/images/M/MV5BMTIxMzEyNTczM15BMl5BanBnXkFtZTcwMjUzMzUxMQ@@._V1_SY317_CR10,0,214,317_.jpg",http://www.imdb.com/title/tt0105690/
Glengarry Glen Ross (1992),Glengarry Glen Ross,1992,"http://ia.media-imdb.com/images/M/MV5BMjEwMzA1MTc1MV5BMl5BanBnXkFtZTYwOTg4MzA5._V1_SY317_CR5,0,214,317_.jpg",http://www.imdb.com/title/tt0104348/
Dances with Wolves (1990),Dances with Wolves,1990,http://ia.media-imdb.com/images/M/MV5BMTY3OTI5NDczN15BMl5BanBnXkFtZTcwNDA0NDY3Mw@@._V1_SX214_.jpg,http://www.imdb.com/title/tt0099348/
Young Frankenstein (1974),Young Frankenstein,1974,"http://ia.media-imdb.com/images/M/MV5BMTc2MzgwNjAzNV5BMl5BanBnXkFtZTcwNTUyNjQzMQ@@._V1_SY317_CR7,0,214,317_.jpg",http://www.imdb.com/title/tt0072431/
Mr. Holland's Opus (1995),Mr. Holland's Opus,1995,"http://ia.media-imdb.com/images/M/MV5BMTUxODUxOTk2M15BMl5BanBnXkFtZTcwODk2NDYxMQ@@._V1_SY317_CR5,0,214,317_.jpg",http://www.imdb.com/title/tt0113862/
Bound (1996),Bound,1996,"http://ia.media-imdb.com/images/M/MV5BMTI0MjczOTYxNl5BMl5BanBnXkFtZTYwNjc0Mjk5._V1_SY317_CR4,0,214,317_.jpg",http://www.imdb.com/title/tt0115736/
Belle de jour (1967),Belle de jour,1967,"http://ia.media-imdb.com/images/M/MV5BMTMyMjUyNDY5MV5BMl5BanBnXkFtZTcwMzMxNDkxMQ@@._V1_SY317_CR8,0,214,317_.jpg",http://www.imdb.com/title/tt0061395/
Basic Instinct (1992),Basic Instinct,1992,"http://ia.media-imdb.com/images/M/MV5BMTcxMjY2NzcyMV5BMl5BanBnXkFtZTYwMjAxNTQ5._V1_SY317_CR8,0,214,317_.jpg",http://www.imdb.com/title/tt0103772/
Snow White and the Seven Dwarfs (1937),Snow White and the Seven Dwarfs,1937,http://ia.media-imdb.com/images/M/MV5BMTQwMzE2Mzc4M15BMl5BanBnXkFtZTcwMTE4NTc1Nw@@._V1_SX214_.jpg,http://www.imdb.com/title/tt0029583/
"Clockwork Orange, A (1971)",Clockwork Orange,1971,"http://ia.media-imdb.com/images/M/MV5BMjE1NjcwMTYxM15BMl5BanBnXkFtZTcwMjcxNDg3OA@@._V1_SY317_CR5,0,214,317_.jpg",http://www.imdb.com/title/tt0066921/
Jerry Maguire (1996),Jerry Maguire,1996,http://ia.media-imdb.com/images/M/MV5BMTkxNjc2NjQwOF5BMl5BanBnXkFtZTcwMDE2NDU2MQ@@._V1_SX214_.jpg,http://www.imdb.com/title/tt0116695/
"Devil's Own, The (1997)",Devil's Own,1997,"http://ia.media-imdb.com/images/M/MV5BNDA4NDk1MDM3MV5BMl5BanBnXkFtZTcwMDI1NDAzMQ@@._V1_SY317_CR5,0,214,317_.jpg",http://www.imdb.com/title/tt0118972/
"Godfather, The (1972)",Godfather,1972,http://ia.media-imdb.com/images/M/MV5BMjEyMjcyNDI4MF5BMl5BanBnXkFtZTcwMDA5Mzg3OA@@._V1_SX214_.jpg,http://www.imdb.com/title/tt0068646/
"Lawnmower Man, The (1992)",Lawnmower Man,1992,http://ia.media-imdb.com/images/M/MV5BMTQ2NTk4MDc1Ml5BMl5BanBnXkFtZTYwOTk2OTY4._V1_SX214_.jpg,http://www.imdb.com/title/tt0104692/
"Lost World: Jurassic Park, The (1997)",Lost World: Jurassic Park,1997,http://ia.media-imdb.com/images/M/MV5BMTYxNjY1NjE2OV5BMl5BanBnXkFtZTYwNzE0MDc4._V1_SX214_.jpg,http://www.imdb.com/title/tt0119567/
"Ghost and the Darkness, The (1996)",Ghost and the Darkness,1996,"http://ia.media-imdb.com/images/M/MV5BMTQxNTcwMDc1OV5BMl5BanBnXkFtZTcwMDYyMzMyMQ@@._V1_SY317_CR4,0,214,317_.jpg",http://www.imdb.com/title/tt0116409/
Strange Days (1995),Strange Days,1995,"http://ia.media-imdb.com/images/M/MV5BMTIyNzExNjIxOF5BMl5BanBnXkFtZTcwOTE5NDQzMQ@@._V1_SY317_CR11,0,214,317_.jpg",http://www.imdb.com/title/tt0114558/
Die Hard 2 (1990),Die Hard 2,1990,"http://ia.media-imdb.com/images/M/MV5BMTc5MTM0MDI1Nl5BMl5BanBnXkFtZTcwMDU1MjE2MQ@@._V1_SY317_CR27,0,214,317_.jpg",http://www.imdb.com/title/tt0099423/
So I Married an Axe Murderer (1993),So I Married an Axe Murderer,1993,"http://ia.media-imdb.com/images/M/MV5BMTY3OTY0NzYzMV5BMl5BanBnXkFtZTcwMDc2MjYxMQ@@._V1_SY317_CR5,0,214,317_.jpg",http://www.imdb.com/title/tt0108174/
Swingers (1996),Swingers,1996,http://ia.media-imdb.com/images/M/MV5BMTcxMDQ1MjUxOF5BMl5BanBnXkFtZTYwMzAwNTA5._V1_SX214_.jpg,http://www.imdb.com/title/tt0117802/
Groundhog Day (1993),Groundhog Day,1993,"http://ia.media-imdb.com/images/M/MV5BMjA3MjQ4NTAxNF5BMl5BanBnXkFtZTcwMjA3Njk3OA@@._V1_SY317_CR8,0,214,317_.jpg",http://www.imdb.com/title/tt0107048/
Four Weddings and a Funeral (1994),Four Weddings and a Funeral,1994,http://ia.media-imdb.com/images/M/MV5BMTMyNzg2NzgxNV5BMl5BanBnXkFtZTcwMTcxNzczNA@@._V1_SX214_.jpg,http://www.imdb.com/title/tt0109831/
"Madness of King George, The (1994)",Madness of King George,1994,http://ia.media-imdb.com/images/M/MV5BMjExMzk0ODQyNV5BMl5BanBnXkFtZTcwODk0ODE1NA@@._V1_SX214_.jpg,http://www.imdb.com/title/tt0110428/
"Full Monty, The (1997)",Full Monty,1997,"http://ia.media-imdb.com/images/M/MV5BMTg2NDM5NTQzM15BMl5BanBnXkFtZTcwMzg0OTMyMQ@@._V1_SY317_CR5,0,214,317_.jpg",http://www.imdb.com/title/tt0119164/
"Frighteners, The (1996)",Frighteners,1996,http://ia.media-imdb.com/images/M/MV5BOTEyNTg4ODczNF5BMl5BanBnXkFtZTcwMTgxMTYyMQ@@._V1_SX214_.jpg,http://www.imdb.com/title/tt0116365/
"Right Stuff, The (1983)",Right Stuff,1983,"http://ia.media-imdb.com/images/M/MV5BMTgxMzE2ODQxM15BMl5BanBnXkFtZTYwNDUwNzk5._V1_SY317_CR8,0,214,317_.jpg",http://www.imdb.com/title/tt0086197/
Breaking the Waves (1996),Breaking the Waves,1996,"http://ia.media-imdb.com/images/M/MV5BMTcyMDE4NTAxMF5BMl5BanBnXkFtZTYwODAwMDc5._V1_SY317_CR6,0,214,317_.jpg",http://www.imdb.com/title/tt0115751/
Natural Born Killers (1994),Natural Born Killers,1994,"http://ia.media-imdb.com/images/M/MV5BMTI2NTU2Nzc0MV5BMl5BanBnXkFtZTcwMzY1OTM2MQ@@._V1_SY317_CR0,0,214,317_.jpg",http://www.imdb.com/title/tt0110632/
George of the Jungle (1997),George of the Jungle,1997,http://ia.media-imdb.com/images/M/MV5BMTUxNjQ2NjA1OV5BMl5BanBnXkFtZTcwMDAyMTYyMQ@@._V1_SX214_.jpg,http://www.imdb.com/title/tt0119190/
Ace Ventura: Pet Detective (1994),Ace Ventura: Pet Detective,1994,http://ia.media-imdb.com/images/M/MV5BMjA2MDMyMDE5OV5BMl5BanBnXkFtZTcwNTIzNTAyMQ@@._V1_SX214_.jpg,http://www.imdb.com/title/tt0109040/
Angels and Insects (1995),Angels and Insects,1995,"http://ia.media-imdb.com/images/M/MV5BOTgwMTExNjk2M15BMl5BanBnXkFtZTcwNzQxNTEzMQ@@._V1_SY317_CR3,0,214,317_.jpg",http://www.imdb.com/title/tt0112365/
Shall We Dance? (1996),Shall We Dance?,1996,http://ia.media-imdb.com/images/M/MV5BMTcwODUwMTMxN15BMl5BanBnXkFtZTcwNzc3MjcyMQ@@._V1_SX214_.jpg,http://www.imdb.com/title/tt0358135/
Fargo (1996),Fargo,1996,http://ia.media-imdb.com/images/M/MV5BMTgxNzY3MzUxOV5BMl5BanBnXkFtZTcwMDA0NjMyNA@@._V1_SX214_.jpg,http://www.imdb.com/title/tt0116282/
Apocalypse Now (1979),Apocalypse Now,1979,"http://ia.media-imdb.com/images/M/MV5BMTcyMzQ5NDM4OV5BMl5BanBnXkFtZTcwODUwNDg3OA@@._V1_SY317_CR12,0,214,317_.jpg",http://www.imdb.com/title/tt0078788/
Akira (1988),Akira,1988,"http://ia.media-imdb.com/images/M/MV5BMjA5NzIwMjQ4MV5BMl5BanBnXkFtZTcwMDEwNzQyMQ@@._V1_SY317_CR5,0,214,317_.jpg",http://www.imdb.com/title/tt0094625/
Operation Dumbo Drop (1995),Operation Dumbo Drop,1995,"http://ia.media-imdb.com/images/M/MV5BNTU2NzQyNDQ0NV5BMl5BanBnXkFtZTcwNTk4NjIyMQ@@._V1_SY317_CR4,0,214,317_.jpg",http://www.imdb.com/title/tt0114048/
Young Guns (1988),Young Guns,1988,"http://ia.media-imdb.com/images/M/MV5BMjEzMzIyMjM3NV5BMl5BanBnXkFtZTcwMjgxNDcxMQ@@._V1_SY317_CR3,0,214,317_.jpg",http://www.imdb.com/title/tt0096487/
"Remains of the Day, The (1993)",Remains of the Day,1993,http://ia.media-imdb.com/images/M/MV5BMTM2NzIwMTM5NV5BMl5BanBnXkFtZTcwNjQ2MTYyMQ@@._V1_SX214_.jpg,http://www.imdb.com/title/tt0107943/
"Empire Strikes Back, The (1980)",Empire Strikes Back,1980,"http://ia.media-imdb.com/images/M/MV5BMjE2MzQwMTgxN15BMl5BanBnXkFtZTcwMDQzNjk2OQ@@._V1_SY317_CR0,0,214,317_.jpg",http://www.imdb.com/title/tt0080684/
Citizen Kane (1941),Citizen Kane,1941,"http://ia.media-imdb.com/images/M/MV5BMTQ2Mjc1MDQwMl5BMl5BanBnXkFtZTcwNzUyOTUyMg@@._V1_SY317_CR0,0,214,317_.jpg",http://www.imdb.com/title/tt0033467/
Sleeper (1973),Sleeper,1973,"http://ia.media-imdb.com/images/M/MV5BMjExODM3ODMyMF5BMl5BanBnXkFtZTcwNjg4MzM2MQ@@._V1_SY317_CR6,0,214,317_.jpg",http://www.imdb.com/title/tt0053285/
"Crow, The (1994)",Crow,1994,"http://ia.media-imdb.com/images/M/MV5BNDU3MTQxMDY1NV5BMl5BanBnXkFtZTYwOTM4MjM5._V1_SY317_CR5,0,214,317_.jpg",http://www.imdb.com/title/tt0109506/
Batman Returns (1992),Batman Returns,1992,"http://ia.media-imdb.com/images/M/MV5BMTg2NTM5NTM3OV5BMl5BanBnXkFtZTYwMjE2MDA5._V1_SY317_CR12,0,214,317_.jpg",http://www.imdb.com/title/tt0103776/
Maya Lin: A Strong Clear Vision (1994),Maya Lin: A Strong Clear Vision,1994,http://ia.media-imdb.com/images/M/MV5BMTIzMTUxMjE1Nl5BMl5BanBnXkFtZTcwOTcxNzkxMQ@@._V1_SX214_.jpg,http://www.imdb.com/title/tt0110480/
Theodore Rex (1995),Theodore Rex,1995,"http://ia.media-imdb.com/images/M/MV5BMTc3Mjk4MDgzMl5BMl5BanBnXkFtZTcwODE4MTYyMQ@@._V1_SY316_CR1,0,214,316_.jpg",http://www.imdb.com/title/tt0114658/
Cape Fear (1991),Cape Fear,1991,"http://ia.media-imdb.com/images/M/MV5BMTMyMjc1NTEzOF5BMl5BanBnXkFtZTcwNzk1ODAzMQ@@._V1_SY317_CR4,0,214,317_.jpg",http://www.imdb.com/title/tt0101540/
Jaws (1975),Jaws,1975,"http://ia.media-imdb.com/images/M/MV5BOTUwMzY4NzI4Nl5BMl5BanBnXkFtZTcwMDgzNjk3OA@@._V1_SY317_CR12,0,214,317_.jpg",http://www.imdb.com/title/tt0073195/
Jurassic Park (1993),Jurassic Park,1993,http://ia.media-imdb.com/images/M/MV5BMjQzODQyMzk2Nl5BMl5BanBnXkFtZTcwNTg4MjQ3OA@@._V1_SX214_.jpg,http://www.imdb.com/title/tt0107290/
Dirty Dancing (1987),Dirty Dancing,1987,"http://ia.media-imdb.com/images/M/MV5BMTI1OTQwNTM1MV5BMl5BanBnXkFtZTYwMzgyOTU5._V1_SY317_CR8,0,214,317_.jpg",http://www.imdb.com/title/tt0092890/
Brazil (1985),Brazil,1985,"http://ia.media-imdb.com/images/M/MV5BMTIwMDQ1NzQyOF5BMl5BanBnXkFtZTcwMTE4MDQzMQ@@._V1_SY317_CR5,0,214,317_.jpg",http://www.imdb.com/title/tt0088846/
Ridicule (1996),Ridicule,1996,"http://ia.media-imdb.com/images/M/MV5BMjA3NTkxOTAyNF5BMl5BanBnXkFtZTcwMjg3NDUyMQ@@._V1_SY317_CR5,0,214,317_.jpg",http://www.imdb.com/title/tt0117477/
Bad Boys (1995),Bad Boys,1995,"http://ia.media-imdb.com/images/M/MV5BMTY4NDk1NTU5NF5BMl5BanBnXkFtZTcwMjE2NDU2MQ@@._V1_SY317_CR0,0,214,317_.jpg",http://www.imdb.com/title/tt0112442/
Ed Wood (1994),Ed Wood,1994,"http://ia.media-imdb.com/images/M/MV5BMTUyMjY1NDM0Ml5BMl5BanBnXkFtZTcwMzA4NjQyMQ@@._V1_SY317_CR4,0,214,317_.jpg",http://www.imdb.com/title/tt0109707/
"Lion King, The (1994)",Lion King,1994,"http://ia.media-imdb.com/images/M/MV5BMjEyMzgwNTUzMl5BMl5BanBnXkFtZTcwNTMxMzM3Ng@@._V1_SY317_CR15,0,214,317_.jpg",http://www.imdb.com/title/tt0110357/
Contact (1997),Contact,1997,http://ia.media-imdb.com/images/M/MV5BMjEyMDQxMTMxMF5BMl5BanBnXkFtZTcwNTU0ODcyMg@@._V1_SX214_.jpg,http://www.imdb.com/title/tt0118884/
Sneakers (1992),Sneakers,1992,"http://ia.media-imdb.com/images/M/MV5BMTgxNDA2NjAyMV5BMl5BanBnXkFtZTcwNDkyNjcxMQ@@._V1_SY317_CR4,0,214,317_.jpg",http://www.imdb.com/title/tt0105435/
Sgt. Bilko (1996),Sgt. Bilko,1996,"http://ia.media-imdb.com/images/M/MV5BMjAzMjMxOTA1OF5BMl5BanBnXkFtZTcwNTk5MzAzMQ@@._V1_SY317_CR3,0,214,317_.jpg",http://www.imdb.com/title/tt0117608/
Willy Wonka and the Chocolate Factory (1971),Willy Wonka and the Chocolate Factory,1971,"http://ia.media-imdb.com/images/M/MV5BMTAyNTE0MDU2NDJeQTJeQWpwZ15BbWU3MDcyMzE5MjE@._V1_SY317_CR24,0,214,317_.jpg",http://www.imdb.com/title/tt0401736/
GoodFellas (1990),GoodFellas,1990,"http://ia.media-imdb.com/images/M/MV5BMjU3MTQ4OTA0MV5BMl5BanBnXkFtZTYwNjAyMDg4._V1_SY317_CR7,0,214,317_.jpg",http://www.imdb.com/title/tt0099685/
Unforgiven (1992),Unforgiven,1992,"http://ia.media-imdb.com/images/M/MV5BMTkzNTc0NDc4OF5BMl5BanBnXkFtZTcwNTY1ODg3OA@@._V1_SY317_CR5,0,214,317_.jpg",http://www.imdb.com/title/tt0105695/
Patton (1970),Patton,1970,"http://ia.media-imdb.com/images/M/MV5BMTI5ODQ5MDgzNV5BMl5BanBnXkFtZTYwMzA5NzE5._V1_SY317_CR7,0,214,317_.jpg",http://www.imdb.com/title/tt0066206/
Copycat (1995),Copycat,1995,"http://ia.media-imdb.com/images/M/MV5BMTMwNzcwMTAxOV5BMl5BanBnXkFtZTYwMzYyNzQ5._V1_SY317_CR11,0,214,317_.jpg",http://www.imdb.com/title/tt0112722/
Raiders of the Lost Ark (1981),Raiders of the Lost Ark,1981,http://ia.media-imdb.com/images/M/MV5BMjA0ODEzMTc1Nl5BMl5BanBnXkFtZTcwODM2MjAxNA@@._V1_SX214_.jpg,http://www.imdb.com/title/tt0082971/
"Haunted World of Edward D. Wood Jr., The (1995)",Haunted World of Edward D. Wood Jr.,1995,http://ia.media-imdb.com/images/M/MV5BMTMxMDcyNjQ4N15BMl5BanBnXkFtZTcwMTI2NjcyMQ@@._V1_SX214_.jpg,http://www.imdb.com/title/tt0113270/
Smilla's Sense of Snow (1997),Smilla's Sense of Snow,1997,"http://ia.media-imdb.com/images/M/MV5BMTIyNDAzMzM1Ml5BMl5BanBnXkFtZTYwNDQ3OTU5._V1_SY317_CR4,0,214,317_.jpg",http://www.imdb.com/title/tt0120152/
Brother Minister: The Assassination of Malcolm X (1994),Brother Minister: The Assassination of Malcolm X,1994,"http://ia.media-imdb.com/images/M/MV5BNDA2MTYyNDE4NV5BMl5BanBnXkFtZTcwOTY5ODA3NA@@._V1_SY317_CR9,0,214,317_.jpg",http://www.imdb.com/title/tt0109339/
Gone with the Wind (1939),Gone with the Wind,1939,"http://ia.media-imdb.com/images/M/MV5BODQ1NDk2Nzc4OF5BMl5BanBnXkFtZTcwMTI0Njk3OA@@._V1_SY317_CR12,0,214,317_.jpg",http://www.imdb.com/title/tt0031381/
Kolya (1996),Kolya,1996,"http://ia.media-imdb.com/images/M/MV5BMTcwNTAyMTE1Nl5BMl5BanBnXkFtZTcwMzk4NTgxMQ@@._V1_SY317_CR3,0,214,317_.jpg",http://www.imdb.com/title/tt0116790/
"Aristocats, The (1970)",Aristocats,1970,"http://ia.media-imdb.com/images/M/MV5BMTY4Njk4NDYxNl5BMl5BanBnXkFtZTcwOTczMzc1MQ@@._V1_SY317_CR13,0,214,317_.jpg",http://www.imdb.com/title/tt0065421/
"Santa Clause, The (1994)",Santa Clause,1994,"http://ia.media-imdb.com/images/M/MV5BNDY4MjgyNTk3Ml5BMl5BanBnXkFtZTcwMTg1NTUxMQ@@._V1_SY317_CR5,0,214,317_.jpg",http://www.imdb.com/title/tt0111070/
Cyrano de Bergerac (1990),Cyrano de Bergerac,1990,http://ia.media-imdb.com/images/M/MV5BMTk1MTI5ODc3Nl5BMl5BanBnXkFtZTcwNjkyNDYyMQ@@._V1_SX214_.jpg,http://www.imdb.com/title/tt0099334/
Top Gun (1986),Top Gun,1986,"http://ia.media-imdb.com/images/M/MV5BMTY3ODg4OTU3Nl5BMl5BanBnXkFtZTYwMjI1Nzg4._V1_SY317_CR3,0,214,317_.jpg",http://www.imdb.com/title/tt0092099/
Full Metal Jacket (1987),Full Metal Jacket,1987,"http://ia.media-imdb.com/images/M/MV5BNDAzMjU3NzE0Nl5BMl5BanBnXkFtZTcwNTk1ODg3OA@@._V1_SY317_CR11,0,214,317_.jpg",http://www.imdb.com/title/tt0093058/
"Truth About Cats & Dogs, The (1996)",Truth About Cats & Dogs,1996,"http://ia.media-imdb.com/images/M/MV5BMTYxNjIyMjkxNl5BMl5BanBnXkFtZTYwMDAzOTg4._V1_SY317_CR3,0,214,317_.jpg",http://www.imdb.com/title/tt0117979/
Private Benjamin (1980),Private Benjamin,1980,"http://ia.media-imdb.com/images/M/MV5BMTQyMTU5MTYwOF5BMl5BanBnXkFtZTcwNzIyMjkxMQ@@._V1_SY317_CR9,0,214,317_.jpg",http://www.imdb.com/title/tt0081375/
Lone Star (1996),Lone Star,1996,http://ia.media-imdb.com/images/M/MV5BMTU3OTI2OTk0N15BMl5BanBnXkFtZTcwMTU3OTYxMQ@@._V1_SX214_.jpg,http://www.imdb.com/title/tt0116905/
Sling Blade (1996),Sling Blade,1996,"http://ia.media-imdb.com/images/M/MV5BMTM4MDMwNTMwOF5BMl5BanBnXkFtZTcwNTMzODgyMQ@@._V1_SY317_CR4,0,214,317_.jpg",http://www.imdb.com/title/tt0117666/
Braveheart (1995),Braveheart,1995,http://ia.media-imdb.com/images/M/MV5BNjA4ODYxMDU3Nl5BMl5BanBnXkFtZTcwMzkzMTk3OA@@._V1_SX214_.jpg,http://www.imdb.com/title/tt0112573/
Raising Arizona (1987),Raising Arizona,1987,"http://ia.media-imdb.com/images/M/MV5BMTg0NjYzOTUzNF5BMl5BanBnXkFtZTcwODkyMDMyMQ@@._V1_SY317_CR5,0,214,317_.jpg",http://www.imdb.com/title/tt0093822/
"Graduate, The (1967)",Graduate,1967,http://ia.media-imdb.com/images/M/MV5BMTQ0ODc4MDk4Nl5BMl5BanBnXkFtZTcwMTEzNzgzNA@@._V1_SX214_.jpg,http://www.imdb.com/title/tt0061722/
Die Hard (1988),Die Hard,1988,http://ia.media-imdb.com/images/M/MV5BMTY4ODM0OTc2M15BMl5BanBnXkFtZTcwNzE0MTk3OA@@._V1_SX214_.jpg,http://www.imdb.com/title/tt0095016/
"Shining, The (1980)",Shining,1980,"http://ia.media-imdb.com/images/M/MV5BODMxMjE3NTA4Ml5BMl5BanBnXkFtZTgwNDc0NTIxMDE@._V1_SY317_CR1,0,214,317_.jpg",http://www.imdb.com/title/tt0081505/
"Mirror Has Two Faces, The (1996)",Mirror Has Two Faces,1996,http://ia.media-imdb.com/images/M/MV5BNTEyNzUyNTcwM15BMl5BanBnXkFtZTYwMTc3NDI5._V1_SX214_.jpg,http://www.imdb.com/title/tt0117057/
Supercop (1992),Supercop,1992,static/images/nocover.png,http://www.imdb.com/title/tt0089591/
Gattaca (1997),Gattaca,1997,"http://ia.media-imdb.com/images/M/MV5BNzQxMzU3OTQwNF5BMl5BanBnXkFtZTYwNDUyNTE5._V1_SY317_CR4,0,214,317_.jpg",http://www.imdb.com/title/tt0119177/
"20,000 Leagues Under the Sea (1954)",20,1954,"http://ia.media-imdb.com/images/M/MV5BMjA1NjMyMTkwN15BMl5BanBnXkFtZTcwNDI1NzEyMQ@@._V1_SY317_CR4,0,214,317_.jpg",http://www.imdb.com/title/tt0120694/
Billy Madison (1995),Billy Madison,1995,"http://ia.media-imdb.com/images/M/MV5BMTYxODk3MDYzOV5BMl5BanBnXkFtZTcwODk1ODAzMQ@@._V1_SY317_CR6,0,214,317_.jpg",http://www.imdb.com/title/tt0112508/
"To Wong Foo, Thanks for Everything! Julie Newmar (1995)",To Wong Foo,1995,"http://ia.media-imdb.com/images/M/MV5BMTIwOTg5NzcxMV5BMl5BanBnXkFtZTcwNzc4MTAyMQ@@._V1_SY317_CR4,0,214,317_.jpg",http://www.imdb.com/title/tt0114682/
Priest (1994),Priest,1994,http://ia.media-imdb.com/images/M/MV5BMTQ1MTAwODc3OV5BMl5BanBnXkFtZTcwNzI0MDQ3NA@@._V1_SX214_.jpg,http://www.imdb.com/title/tt0822847/
"Blues Brothers, The (1980)",Blues Brothers,1980,http://ia.media-imdb.com/images/M/MV5BMTM4MjYwMTk5M15BMl5BanBnXkFtZTYwNTQzMTI5._V1_SX214_.jpg,http://www.imdb.com/title/tt0080455/
Cinema Paradiso (1988),Cinema Paradiso,1988,"http://ia.media-imdb.com/images/M/MV5BNDMwNDk3NDQ0Nl5BMl5BanBnXkFtZTcwNjEwMjI2MQ@@._V1_SY317_CR6,0,214,317_.jpg",http://www.imdb.com/title/tt0095765/
Heavy Metal (1981),Heavy Metal,1981,"http://ia.media-imdb.com/images/M/MV5BMzYzNTU1MjEzNF5BMl5BanBnXkFtZTYwMTQ0OTU5._V1_SY317_CR3,0,214,317_.jpg",http://www.imdb.com/title/tt0082509/
Field of Dreams (1989),Field of Dreams,1989,"http://ia.media-imdb.com/images/M/MV5BMTkxNDc3MzMwOF5BMl5BanBnXkFtZTcwMzY1Mjk3OA@@._V1_SY317_CR12,0,214,317_.jpg",http://www.imdb.com/title/tt0097351/
"Princess Bride, The (1987)",Princess Bride,1987,http://ia.media-imdb.com/images/M/MV5BMjM0Nzk5NTc4OV5BMl5BanBnXkFtZTcwMDA2MzgxNA@@._V1_SX214_.jpg,http://www.imdb.com/title/tt0093779/
Homeward Bound: The Incredible Journey (1993),Homeward Bound: The Incredible Journey,1993,"http://ia.media-imdb.com/images/M/MV5BMjAyNTE4NDU2Nl5BMl5BanBnXkFtZTcwNTgyNjQyMQ@@._V1_SY317_CR4,0,214,317_.jpg",http://www.imdb.com/title/tt0107131/
Aliens (1986),Aliens,1986,"http://ia.media-imdb.com/images/M/MV5BMTk3NzkwMjA3OV5BMl5BanBnXkFtZTYwMTIwOTk2._V1_SY317_CR3,0,214,317_.jpg",http://www.imdb.com/title/tt0078748/
Legends of the Fall (1994),Legends of the Fall,1994,"http://ia.media-imdb.com/images/M/MV5BMTc2MTk2OTM4MF5BMl5BanBnXkFtZTcwNjQ4NjIzMQ@@._V1_SY317_CR7,0,214,317_.jpg",http://www.imdb.com/title/tt0110322/
Independence Day (ID4) (1996),Independence Day (ID4),1996,static/images/nocover.png,http://www.imdb.com/title/tt0357791/
"Professional, The (1994)",Professional,1994,http://ia.media-imdb.com/images/M/MV5BMTI2NzQ3NDA5MF5BMl5BanBnXkFtZTcwNDc1MjA0MQ@@._V1_SY210_SX150_.jpg,http://www.imdb.com/title/tt0073580/
"Unbearable Lightness of Being, The (1988)",Unbearable Lightness of Being,1988,"http://ia.media-imdb.com/images/M/MV5BMTIzNDIxMzk5OF5BMl5BanBnXkFtZTYwNzcwMzA5._V1_SY317_CR6,0,214,317_.jpg",http://www.imdb.com/title/tt0096332/
"Hudsucker Proxy, The (1994)",Hudsucker Proxy,1994,"http://ia.media-imdb.com/images/M/MV5BMTgzNjE1Mjk5MV5BMl5BanBnXkFtZTcwNDQwOTkyMQ@@._V1_SY317_CR2,0,214,317_.jpg",http://www.imdb.com/title/tt0110074/
Four Rooms (1995),Four Rooms,1995,http://ia.media-imdb.com/images/M/MV5BMTQwOTMzNjA0Nl5BMl5BanBnXkFtZTcwMjgzNTUyMQ@@._V1_SX214_.jpg,http://www.imdb.com/title/tt0113101/
Steel (1997),Steel,1997,"http://ia.media-imdb.com/images/M/MV5BMjI5OTYzNjI0Ml5BMl5BanBnXkFtZTcwMzM1NDA1OQ@@._V1_SY317_CR1,0,214,317_.jpg",http://www.imdb.com/title/tt0770828/
Apollo 13 (1995),Apollo 13,1995,http://ia.media-imdb.com/images/M/MV5BMTM2Njg2NjU5NF5BMl5BanBnXkFtZTYwODI5MDc4._V1_SY226_SX144_.jpg,http://www.imdb.com/title/tt0112384/
"Fish Called Wanda, A (1988)",Fish Called Wanda,1988,http://ia.media-imdb.com/images/M/MV5BMjE5OTIzODI4Nl5BMl5BanBnXkFtZTcwNDg3NzYzNA@@._V1_SX214_.jpg,http://www.imdb.com/title/tt0095159/
"Godfather: Part II, The (1974)",Godfather: Part II,1974,http://ia.media-imdb.com/images/M/MV5BNDc2NTM3MzU1Nl5BMl5BanBnXkFtZTcwMTA5Mzg3OA@@._V1_SX214_.jpg,http://www.imdb.com/title/tt0071562/
Indiana Jones and the Last Crusade (1989),Indiana Jones and the Last Crusade,1989,http://ia.media-imdb.com/images/M/MV5BMTQxMTUyODg2OF5BMl5BanBnXkFtZTcwNDM2MjAxNA@@._V1_SX214_.jpg,http://www.imdb.com/title/tt0097576/
"Shawshank Redemption, The (1994)",Shawshank Redemption,1994,"http://ia.media-imdb.com/images/M/MV5BMTc3NjM4MTY3MV5BMl5BanBnXkFtZTcwODk4Mzg3OA@@._V1_SY317_CR4,0,214,317_.jpg",http://www.imdb.com/title/tt0111161/
2001: A Space Odyssey (1968),2001: A Space Odyssey,1968,"http://ia.media-imdb.com/images/M/MV5BNDYyMDgxNDQ5Nl5BMl5BanBnXkFtZTcwMjc1ODg3OA@@._V1_SY317_CR12,0,214,317_.jpg",http://www.imdb.com/title/tt0062622/
Return of the Jedi (1983),Return of the Jedi,1983,"http://ia.media-imdb.com/images/M/MV5BMjE5MTM3ODU5MV5BMl5BanBnXkFtZTcwOTYzNjk2OQ@@._V1_SY317_CR0,0,214,317_.jpg",http://www.imdb.com/title/tt0086190/
Forrest Gump (1994),Forrest Gump,1994,http://ia.media-imdb.com/images/M/MV5BMTQwMTA5MzI1MF5BMl5BanBnXkFtZTcwMzY5Mzg3OA@@._V1_SX214_.jpg,http://www.imdb.com/title/tt0109830/
"Ref, The (1994)",Ref,1994,"http://ia.media-imdb.com/images/M/MV5BMTgxNTgyMzk0NV5BMl5BanBnXkFtZTYwMjM5Mzg5._V1_SY317_CR4,0,214,317_.jpg",http://www.imdb.com/title/tt0110955/
12 Angry Men (1957),12 Angry Men,1957,http://ia.media-imdb.com/images/M/MV5BODQwOTc5MDM2N15BMl5BanBnXkFtZTcwODQxNTEzNA@@._V1_SX214_.jpg,http://www.imdb.com/title/tt0050083/
Big Night (1996),Big Night,1996,"http://ia.media-imdb.com/images/M/MV5BMTUzMjAzMjMyMl5BMl5BanBnXkFtZTcwNTUzNDIyMQ@@._V1_SY317_CR1,0,214,317_.jpg",http://www.imdb.com/title/tt0115678/
Batman Forever (1995),Batman Forever,1995,"http://ia.media-imdb.com/images/M/MV5BMjAwOTEyNjg0M15BMl5BanBnXkFtZTYwODQyMTI5._V1_SY317_CR10,0,214,317_.jpg",http://www.imdb.com/title/tt0112462/
Aladdin (1992),Aladdin,1992,"http://ia.media-imdb.com/images/M/MV5BNTI4ODQ1MzAzNV5BMl5BanBnXkFtZTgwMzU4NzMxMDE@._V1_SY317_CR12,0,214,317_.jpg",http://www.imdb.com/title/tt0103639/
Men in Black (1997),Men in Black,1997,"http://ia.media-imdb.com/images/M/MV5BNzA2MzI5Nzc0N15BMl5BanBnXkFtZTcwODE2NDU2MQ@@._V1_SY317_CR1,0,214,317_.jpg",http://www.imdb.com/title/tt0119654/
"Nightmare on Elm Street, A (1984)",Nightmare on Elm Street,1984,http://ia.media-imdb.com/images/M/MV5BMTMxOTk4NjMzOV5BMl5BanBnXkFtZTcwOTQ3NDAzMg@@._V1_SX214_.jpg,http://www.imdb.com/title/tt0087800/
"Love Bug, The (1969)",Love Bug,1969,"http://ia.media-imdb.com/images/M/MV5BMTMxOTgxMzI1OV5BMl5BanBnXkFtZTcwOTcwMDAwMQ@@._V1_SY317_CR3,0,214,317_.jpg",http://www.imdb.com/title/tt0064603/
Bedknobs and Broomsticks (1971),Bedknobs and Broomsticks,1971,http://ia.media-imdb.com/images/M/MV5BMjA3MjA5NTg3MF5BMl5BanBnXkFtZTcwOTIzMzAyMQ@@._V1_SX214_.jpg,http://www.imdb.com/title/tt0066817/
Raging Bull (1980),Raging Bull,1980,http://ia.media-imdb.com/images/M/MV5BMjIxOTg3OTc5MF5BMl5BanBnXkFtZTcwNzkwNjMwNA@@._V1_SX214_.jpg,http://www.imdb.com/title/tt0081398/
Clerks (1994),Clerks,1994,"http://ia.media-imdb.com/images/M/MV5BMTg2NTQ5NjAzMF5BMl5BanBnXkFtZTYwODU1OTc4._V1_SY317_CR5,0,214,317_.jpg",http://www.imdb.com/title/tt0109445/
Austin Powers: International Man of Mystery (1997),Austin Powers: International Man of Mystery,1997,"http://ia.media-imdb.com/images/M/MV5BMTU4MTY0NTk1MF5BMl5BanBnXkFtZTcwMjMxNTIyMQ@@._V1_SY317_CR8,0,214,317_.jpg",http://www.imdb.com/title/tt0118655/
Dolores Claiborne (1994),Dolores Claiborne,1994,"http://ia.media-imdb.com/images/M/MV5BMjE4NDIwNzgwN15BMl5BanBnXkFtZTcwNzk3MDAzMQ@@._V1_SY317_CR12,0,214,317_.jpg",http://www.imdb.com/title/tt0109642/
"Sound of Music, The (1965)",Sound of Music,1965,"http://ia.media-imdb.com/images/M/MV5BMTY0MzA3MDk2M15BMl5BanBnXkFtZTcwODg4MzEzMQ@@._V1_SY317_CR5,0,214,317_.jpg",http://www.imdb.com/title/tt0059742/
Star Trek IV: The Voyage Home (1986),Star Trek IV: The Voyage Home,1986,http://ia.media-imdb.com/images/M/MV5BMjEzOTk1ODU1Ml5BMl5BanBnXkFtZTcwODEwNDI4OA@@._V1_SX214_.jpg,http://www.imdb.com/title/tt0092007/
Mighty Aphrodite (1995),Mighty Aphrodite,1995,"http://ia.media-imdb.com/images/M/MV5BMTUzMzE3Nzg5Ml5BMl5BanBnXkFtZTcwNTIxNDEyMQ@@._V1_SY317_CR5,0,214,317_.jpg",http://www.imdb.com/title/tt0113819/
D3: The Mighty Ducks (1996),D3: The Mighty Ducks,1996,"http://ia.media-imdb.com/images/M/MV5BMTM2Njg5MDg4MF5BMl5BanBnXkFtZTcwNjk0MDcyMQ@@._V1_SY317_CR9,0,214,317_.jpg",http://www.imdb.com/title/tt0116000/
M*A*S*H (1970),M*A*S*H,1970,"http://ia.media-imdb.com/images/M/MV5BMTQ3OTM1NjM5MF5BMl5BanBnXkFtZTcwMTI5NDY0MQ@@._V1_SY317_CR5,0,214,317_.jpg",http://www.imdb.com/title/tt0068098/
"Pillow Book, The (1995)",Pillow Book,1995,"http://ia.media-imdb.com/images/M/MV5BMTYwNDYwNzE1N15BMl5BanBnXkFtZTcwMTE1NzgxMQ@@._V1_SY317_CR2,0,214,317_.jpg",http://www.imdb.com/title/tt0114134/
Alien (1979),Alien,1979,"http://ia.media-imdb.com/images/M/MV5BMTk3NzkwMjA3OV5BMl5BanBnXkFtZTYwMTIwOTk2._V1_SY317_CR3,0,214,317_.jpg",http://www.imdb.com/title/tt0078748/
"Terminator, The (1984)",Terminator,1984,"http://ia.media-imdb.com/images/M/MV5BMTg5NzUwMDU5NF5BMl5BanBnXkFtZTcwMjk2MDA4Mg@@._V1_SY317_CR18,0,214,317_.jpg",http://www.imdb.com/title/tt0103064/
"Mask, The (1994)",Mask,1994,"http://ia.media-imdb.com/images/M/MV5BMTMwMTkwMzAzN15BMl5BanBnXkFtZTYwMTMxMjM5._V1_SY317_CR6,0,214,317_.jpg",http://www.imdb.com/title/tt0110475/
Jean de Florette (1986),Jean de Florette,1986,http://ia.media-imdb.com/images/M/MV5BMTgxNDc1NTE2OF5BMl5BanBnXkFtZTcwMjczNzA2NA@@._V1_SX214_.jpg,http://www.imdb.com/title/tt0091288/
Citizen Ruth (1996),Citizen Ruth,1996,http://ia.media-imdb.com/images/M/MV5BMTMyNTEzMTU3MV5BMl5BanBnXkFtZTYwMDgwMzM5._V1_SX214_.jpg,http://www.imdb.com/title/tt0115906/
Desperado (1995),Desperado,1995,http://ia.media-imdb.com/images/M/MV5BMTk4NDc3NDkyM15BMl5BanBnXkFtZTcwNDc1OTM2MQ@@._V1_SX214_.jpg,http://www.imdb.com/title/tt0112851/
In the Company of Men (1997),In the Company of Men,1997,"http://ia.media-imdb.com/images/M/MV5BMTA1NjYzMDg4NzheQTJeQWpwZ15BbWU3MDA3NTc5MzE@._V1_SY317_CR2,0,214,317_.jpg",http://www.imdb.com/title/tt0119361/
Hoop Dreams (1994),Hoop Dreams,1994,"http://ia.media-imdb.com/images/M/MV5BMTk4ODE0MjQzOF5BMl5BanBnXkFtZTcwNDUzNjgyMQ@@._V1_SY317_CR5,0,214,317_.jpg",http://www.imdb.com/title/tt0110057/
On Golden Pond (1981),On Golden Pond,1981,"http://ia.media-imdb.com/images/M/MV5BNDg3MTIzMTYxNl5BMl5BanBnXkFtZTcwMjAxNzY0MQ@@._V1_SY317_CR5,0,214,317_.jpg",http://www.imdb.com/title/tt0082846/
My Best Friend's Wedding (1997),My Best Friend's Wedding,1997,"http://ia.media-imdb.com/images/M/MV5BNDI0ODY4NDQ1NV5BMl5BanBnXkFtZTcwMjcxNDIyMQ@@._V1_SY317_CR4,0,214,317_.jpg",http://www.imdb.com/title/tt0119738/
From Dusk Till Dawn (1996),From Dusk Till Dawn,1996,http://ia.media-imdb.com/images/M/MV5BMTUzNjI5NTUwOV5BMl5BanBnXkFtZTcwMDAyMDQyMQ@@._V1_SX214_.jpg,http://www.imdb.com/title/tt0116367/
Henry V (1989),Henry V,1989,http://ia.media-imdb.com/images/M/MV5BMTI1ODg1Mjk5NF5BMl5BanBnXkFtZTcwNzQyNjUxMQ@@._V1_SX214_.jpg,http://www.imdb.com/title/tt0097499/
Twelve Monkeys (1995),Twelve Monkeys,1995,static/images/nocover.png,http://www.imdb.com/title/tt0114746/
"Usual Suspects, The (1995)",Usual Suspects,1995,http://ia.media-imdb.com/images/M/MV5BMzI1MjI5MDQyOV5BMl5BanBnXkFtZTcwNzE4Mjg3NA@@._V1_SX214_.jpg,http://www.imdb.com/title/tt0114814/
Army of Darkness (1993),Army of Darkness,1993,"http://ia.media-imdb.com/images/M/MV5BMjE0Nzc2NTMwMV5BMl5BanBnXkFtZTcwMzM0NDAyMQ@@._V1_SY317_CR0,0,214,317_.jpg",http://www.imdb.com/title/tt0106308/
"Long Kiss Goodnight, The (1996)",Long Kiss Goodnight,1996,"http://ia.media-imdb.com/images/M/MV5BMTUxMTY5MDE0OF5BMl5BanBnXkFtZTcwMzU5NjgxMQ@@._V1_SY317_CR8,0,214,317_.jpg",http://www.imdb.com/title/tt0116908/
Get Shorty (1995),Get Shorty,1995,http://ia.media-imdb.com/images/M/MV5BMjAwODYzNDY4Ml5BMl5BanBnXkFtZTcwODkwNTgzNA@@._V1_SX214_.jpg,http://www.imdb.com/title/tt0113161/
"Silence of the Lambs, The (1991)",Silence of the Lambs,1991,http://ia.media-imdb.com/images/M/MV5BMTQ2NzkzMDI4OF5BMl5BanBnXkFtZTcwMDA0NzE1NA@@._V1_SX214_.jpg,http://www.imdb.com/title/tt0102926/
Searching for Bobby Fischer (1993),Searching for Bobby Fischer,1993,"http://ia.media-imdb.com/images/M/MV5BMTI3NzY3ODg3N15BMl5BanBnXkFtZTcwNzU1NzcyMQ@@._V1_SY317_CR5,0,214,317_.jpg",http://www.imdb.com/title/tt0108065/
Outbreak (1995),Outbreak,1995,"http://ia.media-imdb.com/images/M/MV5BOTMwNTMwMTk4NV5BMl5BanBnXkFtZTcwMTI0ODYxMQ@@._V1_SY317_CR11,0,214,317_.jpg",http://www.imdb.com/title/tt0114069/
"Spitfire Grill, The (1996)",Spitfire Grill,1996,http://ia.media-imdb.com/images/M/MV5BMjE5NjU2NjgyM15BMl5BanBnXkFtZTcwMTgzNjUyMQ@@._V1_SX214_.jpg,http://www.imdb.com/title/tt0117718/
True Romance (1993),True Romance,1993,http://ia.media-imdb.com/images/M/MV5BMTMxMTM3MDIwM15BMl5BanBnXkFtZTcwMDYyOTUyMg@@._V1_SX214_.jpg,http://www.imdb.com/title/tt0108399/
"Doom Generation, The (1995)",Doom Generation,1995,"http://ia.media-imdb.com/images/M/MV5BMTgxNTIxNjgyOF5BMl5BanBnXkFtZTcwNjc2MzE3MQ@@._V1_SY317_CR4,0,214,317_.jpg",http://www.imdb.com/title/tt0112887/
Three Colors: White (1994),Three Colors: White,1994,"http://ia.media-imdb.com/images/M/MV5BODUzNDcwNzY4Ml5BMl5BanBnXkFtZTYwODk4Mzk5._V1_SY317_CR3,0,214,317_.jpg",http://www.imdb.com/title/tt0111507/
Exotica (1994),Exotica,1994,"http://ia.media-imdb.com/images/M/MV5BMTU4OTMzMDczOV5BMl5BanBnXkFtZTYwODYyMTg4._V1_SY317_CR5,0,214,317_.jpg",http://www.imdb.com/title/tt0109759/
Monty Python and the Holy Grail (1974),Monty Python and the Holy Grail,1974,http://ia.media-imdb.com/images/M/MV5BMTkzODczMTgwM15BMl5BanBnXkFtZTYwNTAwODI5._V1_SX214_.jpg,http://www.imdb.com/title/tt0071853/
Kids in the Hall: Brain Candy (1996),Kids in the Hall: Brain Candy,1996,"http://ia.media-imdb.com/images/M/MV5BMTMxMzE4NDUzNl5BMl5BanBnXkFtZTcwOTE4MjkxMQ@@._V1_SY317_CR5,0,214,317_.jpg",http://www.imdb.com/title/tt0116768/
Babe (1995),Babe,1995,"http://ia.media-imdb.com/images/M/MV5BMTIwNzY2OTIzN15BMl5BanBnXkFtZTcwNjcxODAzMQ@@._V1_SY317_CR7,0,214,317_.jpg",http://www.imdb.com/title/tt0112431/
"Brothers McMullen, The (1995)",Brothers McMullen,1995,"http://ia.media-imdb.com/images/M/MV5BMTIwODk3MDU5N15BMl5BanBnXkFtZTcwMTE2NTYyMQ@@._V1_SY317_CR5,0,214,317_.jpg",http://www.imdb.com/title/tt0112585/
Mystery Science Theater 3000: The Movie (1996),Mystery Science Theater 3000: The Movie,1996,"http://ia.media-imdb.com/images/M/MV5BMTU1OTA2NzAyNV5BMl5BanBnXkFtZTcwMDI1MTYyMQ@@._V1_SY311_CR1,0,214,311_.jpg",http://www.imdb.com/title/tt0117128/
Star Trek: First Contact (1996),Star Trek: First Contact,1996,"http://ia.media-imdb.com/images/M/MV5BNTc1NjMzODU1MF5BMl5BanBnXkFtZTYwMjAwNjk4._V1_SY317_CR5,0,214,317_.jpg",http://www.imdb.com/title/tt0117731/
Muppet Treasure Island (1996),Muppet Treasure Island,1996,"http://ia.media-imdb.com/images/M/MV5BMTY0NDU1MDYxMl5BMl5BanBnXkFtZTcwNjgyMTEzMQ@@._V1_SY317_CR4,0,214,317_.jpg",http://www.imdb.com/title/tt0117110/
Wallace & Gromit: The Best of Aardman Animation (1996),Wallace & Gromit: The Best of Aardman Animation,1996,http://ia.media-imdb.com/images/M/MV5BMTUyNDMxOTIxOF5BMl5BanBnXkFtZTcwODA1NTcyMQ@@._V1_SX214_.jpg,http://www.imdb.com/title/tt0118114/
Dead Poets Society (1989),Dead Poets Society,1989,"http://ia.media-imdb.com/images/M/MV5BMjAyMDAxNTExMl5BMl5BanBnXkFtZTcwOTIxMTEzMQ@@._V1_SY317_CR3,0,214,317_.jpg",http://www.imdb.com/title/tt0097165/
Breakfast at Tiffany's (1961),Breakfast at Tiffany's,1961,http://ia.media-imdb.com/images/M/MV5BMzg3NTI2NzU2NF5BMl5BanBnXkFtZTcwMjQxMTQ5OQ@@._V1_SX214_.jpg,http://www.imdb.com/title/tt0054698/
Reservoir Dogs (1992),Reservoir Dogs,1992,"http://ia.media-imdb.com/images/M/MV5BMTQxMTAwMDQ3Nl5BMl5BanBnXkFtZTcwODMwNTgzMQ@@._V1_SY317_CR5,0,214,317_.jpg",http://www.imdb.com/title/tt0105236/
Much Ado About Nothing (1993),Much Ado About Nothing,1993,http://ia.media-imdb.com/images/M/MV5BMzkwODM1OTY1Nl5BMl5BanBnXkFtZTcwOTcxMDQ1NA@@._V1_SX214_.jpg,http://www.imdb.com/title/tt0107616/
Turbo: A Power Rangers Movie (1997),Turbo: A Power Rangers Movie,1997,"http://ia.media-imdb.com/images/M/MV5BMTA2OTc1MzMxNDheQTJeQWpwZ15BbWU3MDM4ODc1MjE@._V1_SY317_CR4,0,214,317_.jpg",http://www.imdb.com/title/tt0120389/
Free Willy 2: The Adventure Home (1995),Free Willy 2: The Adventure Home,1995,http://ia.media-imdb.com/images/M/MV5BMjgyNTc4Mzk4OV5BMl5BanBnXkFtZTcwMDgwMDQyMQ@@._V1_SX214_.jpg,http://www.imdb.com/title/tt0113114/
This Is Spinal Tap (1984),This Is Spinal Tap,1984,"http://ia.media-imdb.com/images/M/MV5BMTMxNDgzMzc2MF5BMl5BanBnXkFtZTcwNzgyMzY3NA@@._V1_SY317_CR2,0,214,317_.jpg",http://www.imdb.com/title/tt0088258/
Pink Floyd - The Wall (1982),Pink Floyd - The Wall,1982,"http://ia.media-imdb.com/images/M/MV5BMTcxMDAzNDk2M15BMl5BanBnXkFtZTYwNDE4MDg4._V1_SY317_CR4,0,214,317_.jpg",http://www.imdb.com/title/tt0084503/
Psycho (1960),Psycho,1960,http://ia.media-imdb.com/images/M/MV5BMTgyNDIxNzQ4MF5BMl5BanBnXkFtZTYwMzkyNTQ2._V1_SX214_.jpg,http://www.imdb.com/title/tt0054215/
Weekend at Bernie's (1989),Weekend at Bernie's,1989,http://ia.media-imdb.com/images/M/MV5BMjAwMjU1MTA4N15BMl5BanBnXkFtZTcwNzAxNTc3NA@@._V1_SX214_.jpg,http://www.imdb.com/title/tt0098627/
Evil Dead II (1987),Evil Dead II,1987,"http://ia.media-imdb.com/images/M/MV5BMTI0ODQzMzY5N15BMl5BanBnXkFtZTYwMDE0NTU5._V1_SY317_CR2,0,214,317_.jpg",http://www.imdb.com/title/tt0092991/
Delicatessen (1991),Delicatessen,1991,"http://ia.media-imdb.com/images/M/MV5BMTY4NzQxNjI5OF5BMl5BanBnXkFtZTcwNzA1OTYxMQ@@._V1_SY317_CR3,0,214,317_.jpg",http://www.imdb.com/title/tt0101700/
Striptease (1996),Striptease,1996,"http://ia.media-imdb.com/images/M/MV5BMjAyNTcyNzY1OF5BMl5BanBnXkFtZTcwNDM2MjAyMQ@@._V1_SY317_CR9,0,214,317_.jpg",http://www.imdb.com/title/tt0117765/
